id,domain,status,purchase_price,renewal_price,attractiveness,demand,length,registrar,created_at,expires_at,status_verified_at
c7586c98-07c2-476e-a549-929b58967eb7,nude.reisen,available,3.99,20.99,high,low,4,namesilo,,,07/08/2026 16:15
4416682d-703a-488b-acef-08e506b9c4e2,older.reisen,available,3.99,20.99,high,low,5,namesilo,,,21/09/2026 22:32
eb4768fe-ed51-4149-8f4b-85ac9e9f1370,buoyant.reisen,available,3.99,20.99,high,low,7,namesilo,,,11/08/2026 10:06
c33e334b-5828-41e1-ad9f-1d611e26fcd1,catechetic.reisen,available,21.98,28.98,medium,low,10,namecheap,,,11/08/2026 21:25
b057f1ae-5d57-43d5-bb49-59dc5571bbd5,unexampled.reisen,available,3.99,20.99,medium,low,10,namesilo,,,12/09/2026 09:24
8279f0be-d426-4c38-8cec-dd3133eed930,clop.reisen,available,3.99,20.99,medium,low,4,namesilo,,,15/09/2026 20:47
9c9821fc-8ab3-4574-b32d-2e9ebef8219c,umi.reisen,premium,20.9,20.9,medium,low,3,spaceship,,,01/10/2026 17:12
5c512e10-da1e-487e-a723-80f23d43133d,tipping.reisen,available,16.2,16.2,medium,low,7,cloudflare,,,29/09/2026 23:33
f7b6f36e-40a5-4af7-a11e-a8a9164023b7,casper.reisen,available,17.34,17.34,high,low,6,dynadot,,,29/09/2026 18:15
d7e564a7-e7df-4dd3-a1b0-59685536c531,dioecious.reisen,available,3.99,20.99,medium,low,9,namesilo,,,14/08/2026 08:20
7008ec0a-b6d3-4f1a-a79e-bc84e92cca18,journey.reisen,available,3.99,20.99,high,medium,7,namesilo,,,30/09/2026 00:58
6b54651b-3af0-4df9-bacf-90dcd1d7601e,dependable.reisen,available,3.99,20.99,high,low,10,namesilo,,,14/08/2026 02:04
48fa1c43-cd6f-4ecb-9cca-0b9148a4cf44,translunar.reisen,available,3.99,20.99,medium,low,10,namesilo,,,11/09/2026 02:19
dee98adc-d0d3-42cc-b201-ca0780e0d271,pinochle.reisen,available,24.99,26.99,medium,low,8,name.com,,,23/09/2026 12:19
33687b42-e710-47ca-9486-ea89ff05a80a,dished.reisen,available,3.99,20.99,medium,low,6,namesilo,,,14/08/2026 10:52
ba5a4534-f956-4496-99d4-fd6baf83037b,alloy.reisen,available,24.99,26.99,high,low,5,name.com,,,17/09/2026 09:02
8245287b-42d9-4def-a57e-74b27bec29c6,bca.reisen,available,21.98,28.98,high,low,3,namecheap,,,02/10/2026 08:48
a88a451c-0ab5-4e9e-81d1-8b6630fe6700,housman.reisen,available,3.99,20.99,medium,low,7,namesilo,,,16/09/2026 12:57
30c7eb36-73af-49db-95fe-37df750bc158,pipes.reisen,available,16.76,16.76,high,low,5,spaceship,,,27/09/2026 22:20
57fd8f5d-ea5e-4202-a54a-fbb95b4e1c6b,literacy.reisen,available,3.99,20.99,high,low,8,namesilo,,,30/09/2026 02:09
5d5ea915-252b-4128-9fe8-25a1561c6cde,thrive.reisen,available,21.98,28.98,high,medium,6,namecheap,,,29/09/2026 18:54
3643a130-4514-4114-a7b6-490161cf73b9,syntax.reisen,available,3.99,20.99,high,low,6,namesilo,,,03/10/2026 01:47
ac7fbdf1-e1d5-4e2a-9837-1ceacc5f14cf,fiend.reisen,available,3.99,20.99,medium,low,5,namesilo,,,17/08/2026 21:54
610d3381-c260-46e0-92ed-4814ad206d27,digression.reisen,available,3.99,20.99,high,low,10,namesilo,,,24/09/2026 22:18
e34ca81c-4c4c-468b-9235-f58405981ef8,pauline.reisen,available,3.99,20.99,high,low,7,namesilo,,,08/09/2026 10:51
bfc51713-8a76-4382-946d-3d28752de006,stealth.reisen,available,16.76,16.76,high,low,7,spaceship,,,29/09/2026 08:08
f57edd29-766e-417f-9da8-1a8172391957,morgantown.reisen,available,16.99,16.99,medium,low,10,porkbun,,,29/09/2026 19:41
a99c2d30-b605-4436-a89e-122628926f0b,seedless.reisen,available,3.99,20.99,high,low,8,namesilo,,,10/09/2026 01:45
58c21d61-92ce-467e-85d1-270a32e32474,fitted.reisen,available,3.99,20.99,high,low,6,namesilo,,,18/08/2026 05:47
1e4342d4-9aae-4c9e-ac3e-b89118ea9763,lucifer.reisen,available,3.99,20.99,high,low,7,namesilo,,,23/09/2026 01:23
7dcce706-9cab-4e6b-acf9-a083841b0b56,ailurus.reisen,available,21.98,28.98,medium,low,7,namecheap,,,17/09/2026 21:19
74c125e5-26b9-410c-a96b-dce820879328,burly.reisen,available,3.99,20.99,medium,low,5,namesilo,,,09/08/2026 07:54
f378ec7d-417f-445e-bb02-4a2acf435e6d,worse.reisen,available,3.99,20.99,high,low,5,namesilo,,,28/09/2026 10:56
ddbd57fc-0a40-4106-a1a2-1542eda67f05,absently.reisen,available,3.99,20.99,medium,low,8,namesilo,,,13/09/2026 16:41
04c86e05-e68b-4538-8b66-0376b30e40f4,abington.reisen,available,3.99,20.99,medium,low,8,namesilo,,,02/10/2026 01:44
1cdc93f6-0637-4c06-aeee-2a53a7458d67,bottled.reisen,available,3.99,20.99,medium,low,7,namesilo,,,29/09/2026 03:12
e91e8e5f-3f4b-4b97-86a6-3b14023b8c35,dobbs.reisen,available,3.99,20.99,medium,low,5,namesilo,,,29/09/2026 10:37
ae2b1143-550b-467d-8ee0-67e8c280d221,unlabeled.reisen,available,3.99,20.99,medium,low,9,namesilo,,,12/09/2026 14:28
727a2e1d-7760-4e88-a565-e8325f5c08dd,gnp.reisen,premium,20.9,20.9,high,low,3,spaceship,,,30/09/2026 01:45
8b598411-10b7-410e-9009-c6e4b920ee0a,prisms.reisen,available,3.99,20.99,medium,low,6,namesilo,,,21/09/2026 00:27
77a45536-3037-46c4-a8a4-ba2063f99ad8,fingerprints.reisen,available,21.98,28.98,medium,low,12,namecheap,,,28/09/2026 13:26
6ce9e55b-f487-41ed-8770-87cc82e1b5af,stitching.reisen,available,17.34,17.34,high,low,9,dynadot,,,02/10/2026 16:44
c7deaae9-f1b3-43db-b308-01c793dc06f1,newcomers.reisen,available,16.76,16.76,medium,low,9,spaceship,,,02/10/2026 03:04
688e2aa2-93e7-4d99-b78f-3c9468bcc9d1,ahn.reisen,available,17.34,17.34,medium,low,3,dynadot,,,30/09/2026 20:22
98d9b58a-bf91-4a33-a8bf-6c99b6837398,rained.reisen,available,3.99,20.99,medium,low,6,namesilo,,,20/09/2026 05:42
264fa935-39cc-41d5-a403-8d245180a029,anasazi.reisen,available,3.99,20.99,medium,low,7,namesilo,,,19/09/2026 03:16
b8a999c3-3eb2-4e13-ba68-633325ebc141,thereafter.reisen,available,21.98,28.98,high,low,10,namecheap,,,16/09/2026 08:38
4e09658e-6f37-4989-a0fc-f75c643a3628,lupine.reisen,available,3.99,20.99,high,low,6,namesilo,,,24/08/2026 11:39
94194ece-bd61-431d-ae9e-d0706f5289bb,roundabout.reisen,available,16.2,16.2,medium,low,11,cloudflare,,,02/10/2026 17:46
31d9eb0a-9972-4127-ae6e-86480a43b9a0,vagus.reisen,available,3.99,20.99,medium,low,5,namesilo,,,08/09/2026 22:09
e6b29865-eb9e-4b47-840d-3e9fdebd8e10,maneuvering.reisen,available,16.76,16.76,high,low,11,spaceship,,,01/10/2026 23:02
91f9a97d-747e-4582-8537-838b6ef93a3f,severed.reisen,available,24.99,26.99,medium,low,7,name.com,,,13/08/2026 12:32
3ce2732b-641d-46fe-af00-4e6673a9aa74,inviolable.reisen,available,3.99,20.99,medium,low,10,namesilo,,,21/08/2026 23:02
f3c63a4c-277d-4a08-ad5d-a96bc6d8f254,weldon.reisen,available,16.76,16.76,medium,low,6,spaceship,,,28/09/2026 16:37
699272f9-4d5f-4f11-bd47-cb678e3aa493,gradually.reisen,available,3.99,20.99,high,low,9,namesilo,,,14/09/2026 22:00
e493aa81-3888-4e81-b79e-a730ab9179d6,qtips.reisen,available,3.99,20.99,medium,low,6,namesilo,,,17/09/2026 10:12
4119b352-011e-41bb-96f2-264abb855908,surname.reisen,available,17.34,17.34,high,low,7,dynadot,,,29/09/2026 06:51
a6ccef07-0ee5-4434-911c-245493b9de4e,planetary.reisen,available,3.99,20.99,high,medium,9,namesilo,,,20/08/2026 14:33
2508c82d-74af-445d-9c10-f896ed818ca3,chamber.reisen,available,3.99,20.99,high,low,7,namesilo,,,22/09/2026 23:10
b26e9bd4-ae15-42e9-b10e-c9a7690894da,speckless.reisen,available,3.99,20.99,medium,low,9,namesilo,,,21/08/2026 20:42
430ece76-50d5-4d46-9786-53f4dae152ef,alvin.reisen,available,3.99,20.99,high,low,5,namesilo,,,25/09/2026 13:49
2ed98c04-b196-42b0-8c8c-85e7c23b2d89,straw.reisen,available,3.99,20.99,high,low,5,namesilo,,,10/09/2026 22:03
c8b8f30d-199c-4165-a64b-3289b12d3674,columnar.reisen,available,21.98,28.98,medium,low,8,namecheap,,,12/08/2026 18:14
0f3fb1df-86d1-4705-9f96-c00fa578ee11,newark.reisen,premium,20.9,20.9,high,low,6,spaceship,,,28/09/2026 19:59
d8f7b5ca-0b80-46a4-808f-bebb2cb48721,introducing.reisen,available,21.98,28.98,medium,low,11,namecheap,,,17/09/2026 20:59
985d0302-eb79-4164-96aa-8d644ca0fed3,treaty.reisen,available,16.2,16.2,high,low,6,cloudflare,,,28/09/2026 10:39
aa04e231-f008-4371-a260-8f4705909c57,perks.reisen,available,3.99,20.99,high,low,5,namesilo,,,20/09/2026 14:58
2233655c-eab0-4144-9a93-93b13aa35081,discriminate.reisen,available,3.99,20.99,medium,low,12,namesilo,,,01/10/2026 05:36
f7768c93-4fb5-4fad-a0d0-58741bae6f9c,abernathy.reisen,available,17.34,17.34,medium,low,9,dynadot,,,02/10/2026 20:18
edc2c3fc-11bf-4d00-9ba6-fb54086ba1c3,exons.reisen,available,16.2,16.2,medium,low,5,cloudflare,,,02/10/2026 13:35
a81f9853-ffbe-464f-a74d-2cef6864483a,bothering.reisen,available,16.76,16.76,medium,low,9,spaceship,,,29/09/2026 21:27
7f4c2f8f-aabf-4a05-9a04-61088a516cc5,ticking.reisen,available,3.99,20.99,high,low,7,namesilo,,,30/09/2026 13:16
d3c0e159-015d-4f6e-94c2-73a20b148279,translations.reisen,available,3.99,20.99,high,low,12,namesilo,,,02/10/2026 11:28
dbb718e8-9df4-4d00-9b29-3e534117efd9,descended.reisen,available,21.98,28.98,medium,low,9,namecheap,,,29/09/2026 10:16
55c555a3-5ce8-4ce2-883e-beb0711d0051,methodist.reisen,available,3.99,20.99,high,low,9,namesilo,,,24/08/2026 21:58
3cc24ebb-e414-4364-9915-e6a354313b72,ammonium.reisen,available,3.99,20.99,high,low,8,namesilo,,,18/09/2026 22:10
e83b3aa4-cec0-4801-afa5-2f2442c2418b,between.reisen,available,16.76,16.76,high,low,7,spaceship,,,28/09/2026 11:25
e79dc7b0-2c2a-4777-9963-0018173a41a7,damn.reisen,available,21.98,28.98,high,low,4,namecheap,,,22/09/2026 00:35
cbbb0115-7d6e-41f0-9065-2b02270fef74,bethany.reisen,available,16.76,16.76,medium,low,7,spaceship,,,28/09/2026 07:45
aef3edde-fe8c-40c5-bd2a-853775c82b39,fondness.reisen,available,3.99,20.99,high,low,8,namesilo,,,17/09/2026 14:17
ed611989-3240-470d-91f6-13dcc9c95e26,slides.reisen,available,16.76,16.76,medium,low,6,spaceship,,,29/09/2026 05:46
7e1a6b62-4d0c-457a-a8f8-c507db4cf910,sliding.reisen,available,17.34,17.34,high,low,7,dynadot,,,27/09/2026 22:47
9110a189-2d1c-4110-8910-f4b68fca2a10,conk.reisen,available,21.98,28.98,medium,low,4,namecheap,,,17/08/2026 21:08
c176c727-f058-4aa4-8d82-cf847b3c4726,lendable.reisen,available,3.99,20.99,medium,low,8,namesilo,,,22/08/2026 23:35
23bd1b5c-8543-4f1c-87c8-ca31733b8576,harassed.reisen,available,3.99,20.99,medium,low,8,namesilo,,,21/08/2026 00:06
2d1166b2-6074-43dc-90e7-a6d9fbfb4f80,pak.reisen,premium,11.19,22.36,high,low,3,porkbun,,,28/09/2026 03:33
ea07aea3-ed8a-4012-95e6-e69d2e82134b,adapter.reisen,available,3.99,20.99,high,low,7,namesilo,,,17/09/2026 06:30
75a2ca1f-893d-4a1f-be7e-38968bc40cb4,original.reisen,available,3.99,20.99,high,low,8,namesilo,,,26/09/2026 00:32
3f02e1cb-2c0e-4340-ad82-672a236c1cea,asarum.reisen,available,3.99,20.99,high,low,6,namesilo,,,20/09/2026 12:52
3b44330b-6ccb-451e-816a-5bea023ebe2b,wrinkle.reisen,available,3.99,20.99,medium,low,7,namesilo,,,13/08/2026 07:11
6c6d11c0-3095-4ec6-9dcf-438f3c081c1a,lethal.reisen,available,3.99,20.99,high,low,6,namesilo,,,23/08/2026 00:26
88987e0b-eb39-40d2-86dc-840720d5bd49,biracial.reisen,available,3.99,20.99,high,low,8,namesilo,,,10/08/2026 05:42
09c39655-e513-4ccf-a4e6-0e23c8ca9063,confident.reisen,available,21.98,28.98,high,low,9,namecheap,,,23/09/2026 19:37
d8be888c-7c36-4b8c-8780-e6f2ed33a16e,experimented.reisen,available,16.76,16.76,medium,low,12,spaceship,,,30/09/2026 07:34
d359fd82-91f0-495c-89e5-4099c66f9bc1,vice.reisen,available,3.99,20.99,high,low,4,namesilo,,,30/09/2026 14:26
86e309c5-8055-4075-bfe3-f26743cd3a56,menzies.reisen,available,3.99,20.99,medium,low,7,namesilo,,,29/09/2026 15:52
d206085e-5dd1-48d9-9286-c9fe6809c7a6,postiche.reisen,available,21.98,28.98,medium,low,8,namecheap,,,17/08/2026 21:22
f97c664a-ab21-4246-8cb7-fab0b38e0aae,loreto.reisen,available,16.2,16.2,medium,low,6,cloudflare,,,01/10/2026 18:38
452bdb9a-e31b-469f-8210-4b4c286a248c,alcoholics.reisen,available,3.99,20.99,low,low,10,namesilo,,,18/09/2026 22:27
ad2c224d-8318-4b65-8553-4d0ed60de6c2,eliminating.reisen,available,21.98,28.98,medium,low,11,namecheap,,,30/09/2026 14:26
190273af-ccf7-492b-a4dd-1ae41915a1a2,bitis.reisen,available,21.98,28.98,medium,low,5,namecheap,,,23/09/2026 22:37
ec731ed5-13d4-49ce-b982-5dba5415546b,harriet.reisen,available,17.34,17.34,high,low,7,dynadot,,,27/09/2026 22:29
db88086e-1344-4dc5-a54e-6c733509bb65,tidy.reisen,available,3.99,20.99,high,low,4,namesilo,,,20/08/2026 16:42
d37ba926-2d3a-420f-966c-5766d3bd0418,squint.reisen,available,3.99,20.99,medium,low,6,namesilo,,,07/08/2026 03:15
f5970526-9be6-4f1d-af41-b983acf170b1,together.reisen,available,3.99,20.99,high,medium,8,namesilo,,,28/09/2026 09:16
154e3c95-dc92-49ae-8f44-2448ca10115d,conjugal.reisen,available,3.99,20.99,medium,low,8,namesilo,,,12/08/2026 22:07
ffbc2c3f-c69c-49a9-a203-f6308f5ed3e0,alp.reisen,premium,23.6,23.6,high,low,3,namesilo,,,18/09/2026 13:29
be39f074-f01d-4ff5-9b79-d515c766f088,ballpoint.reisen,available,3.99,20.99,high,low,9,namesilo,,,21/09/2026 23:21
1df73e75-3386-4fa5-86c0-f1816815dcb6,gallo.reisen,available,16.76,16.76,medium,low,5,spaceship,,,28/09/2026 23:17
2e6de35c-8ea8-4401-a82d-740a2d3771d1,leaflet.reisen,available,3.99,20.99,high,low,7,namesilo,,,24/09/2026 07:08
bb7c5c0b-2fb1-417d-b4fa-445ac7ea02d1,swart.reisen,available,3.99,20.99,medium,low,5,namesilo,,,11/09/2026 05:22
abe729e7-e595-4dbc-8c5e-bb01eac65e28,springer.reisen,available,3.99,20.99,high,low,8,namesilo,,,01/10/2026 03:51
96d0ca79-e182-4a22-84b2-cd9ae5cc3d28,stolen.reisen,available,3.99,20.99,high,low,6,namesilo,,,26/09/2026 00:36
9f5cccc8-d0a3-4264-9199-5f643d707511,cuvier.reisen,available,3.99,20.99,high,low,6,namesilo,,,22/09/2026 07:06
c01da2ee-ec24-4dcc-8b2f-7d59b69bb996,likes.reisen,available,3.99,20.99,high,low,5,namesilo,,,
695c569a-9bc9-4730-844c-88fd22627280,agitated.reisen,available,3.99,20.99,medium,low,8,namesilo,,,
f6b1fae2-4e66-4e04-9001-9ff054bf865b,ecg.reisen,available,3.99,20.99,high,low,3,namesilo,,,30/09/2026 00:58
5ecd358c-d27f-4ae0-ae40-75bcb06ead7a,vicinity.reisen,available,21.98,28.98,high,low,8,namecheap,,,28/09/2026 19:41
6fdaa925-a27e-4e01-b849-889794d84af4,apodemus.reisen,available,21.98,28.98,medium,low,8,namecheap,,,19/09/2026 18:19
9a97da6b-1b83-41b7-bc71-ecb3663ddc5b,swingeing.reisen,available,3.99,20.99,medium,low,9,namesilo,,,11/09/2026 05:48
4ec2731b-0855-47c8-aa61-00e2c1d6f342,strang.reisen,available,3.99,20.99,medium,low,6,namesilo,,,02/10/2026 03:05
8ca6e420-813f-41c2-a7cc-a5b7c1451b21,archetypal.reisen,available,3.99,20.99,medium,low,10,namesilo,,,06/08/2026 15:32
a8401946-1844-4641-933f-dce402770727,dtv.reisen,available,3.99,20.99,high,low,3,namesilo,,,03/10/2026 03:46
34b3bd97-33ce-457d-afd0-7196ea48c707,pike.reisen,available,16.99,16.99,high,low,4,porkbun,,,28/09/2026 14:07
c81cf622-37d0-4f2e-a7fa-7849d529d969,exobiology.reisen,available,3.99,20.99,medium,low,10,namesilo,,,20/09/2026 17:35
be7af833-60ee-430d-9cd5-ebcf0daa165d,hilarious.reisen,available,3.99,20.99,high,low,9,namesilo,,,21/08/2026 09:21
5c8a26a8-0318-45b3-8cec-5685f497b77a,indifference.reisen,available,16.2,16.2,high,low,12,cloudflare,,,29/09/2026 23:01
ba936c96-7ab7-41a3-9b37-0bba3d639e4e,credendum.reisen,available,3.99,20.99,medium,low,9,namesilo,,,20/09/2026 11:13
942bd1c2-9bc3-49a5-93e0-85a38dcb7712,transmitter.reisen,available,3.99,20.99,high,low,11,namesilo,,,28/09/2026 15:46
816f0a16-9f6a-4873-b471-c902919fb8b5,aventail.reisen,available,3.99,20.99,medium,low,8,namesilo,,,21/09/2026 09:05
99745641-95fb-4eff-acba-c844bca1b1d6,arioso.reisen,available,3.99,20.99,medium,low,6,namesilo,,,20/09/2026 05:35
049839cd-97d8-41b0-99ca-b20bc0bfe080,blackwash.reisen,available,3.99,20.99,medium,low,9,namesilo,,,20/09/2026 15:47
f69892bc-2654-41bf-b582-323bc6e860af,else.reisen,available,3.99,20.99,high,low,4,namesilo,,,30/09/2026 23:12
9326a7fe-dad1-486f-abd8-daa296deb0fd,grimly.reisen,available,3.99,20.99,medium,low,6,namesilo,,,14/09/2026 22:25
85bb8818-c280-464d-b809-dc25e8796511,differentiate.reisen,available,16.2,16.2,high,low,13,cloudflare,,,01/10/2026 05:28
aa66c723-89fc-4fde-97ba-b1922a9b2019,smells.reisen,available,16.76,16.76,low,low,6,spaceship,,,28/09/2026 08:33
e596f70a-8d1e-44d8-9c4a-0249ae73aa33,stoical.reisen,available,21.98,28.98,medium,low,7,namecheap,,,10/09/2026 20:59
e7ab10c1-13b1-455b-b8ca-89659f7b3043,exonerated.reisen,available,3.99,20.99,high,low,10,namesilo,,,
f4ed89eb-06ad-46ba-a2e9-313b7fc6a3ed,larder.reisen,available,3.99,20.99,medium,low,6,namesilo,,,11/08/2026 11:56
22e9cfd9-9a26-4fa4-b0a8-b49a8386b61c,tate.reisen,available,21.98,28.98,high,low,4,namecheap,,,18/09/2026 10:50
45d87b1b-dcd7-4dc5-94f8-527305a87f8b,garnier.reisen,available,16.2,16.2,high,low,7,cloudflare,,,02/10/2026 05:01
a382ae6a-057e-4e52-b60a-f839b4dace5d,benthos.reisen,available,3.99,20.99,medium,low,7,namesilo,,,23/09/2026 08:45
e4a48c37-d4ee-4eb4-a360-64c97c34e7ea,landmark.reisen,available,17.34,17.34,high,low,8,dynadot,,,29/09/2026 13:16
be0b5012-f5c7-47c3-917f-3dbddab62b67,knowledge.reisen,available,16.2,16.2,high,low,9,cloudflare,,,02/10/2026 23:44
fadf73ca-2b3f-4dbe-9ffa-a5d5b18f77a5,annam.reisen,available,3.99,20.99,medium,low,5,namesilo,,,19/09/2026 10:09
6dd147eb-c02b-44ad-afc4-f276c73c5f79,maxwell.reisen,available,3.99,20.99,high,low,7,namesilo,,,28/09/2026 06:04
c25e466e-349a-47be-ba72-6763db4835f9,sensationally.reisen,available,3.99,20.99,medium,low,13,namesilo,,,02/10/2026 00:06
05f8f458-6a08-41f4-981f-9df12cda0ba6,ich.reisen,premium,20.9,20.9,high,low,3,spaceship,,,01/10/2026 23:48
d36e17dc-567f-4ece-b761-92d286489b7c,encourage.reisen,available,16.76,16.76,high,low,9,spaceship,,,30/09/2026 19:02
15cff65e-5b87-4ef8-b6ee-490e12a0178c,latitude.reisen,available,16.76,16.76,high,low,8,spaceship,,,30/09/2026 02:08
3500fe1d-e2af-4f0e-8c43-55eea9fbc140,snickers.reisen,available,3.99,20.99,high,low,8,namesilo,,,18/09/2026 04:34
0db7a38b-eb01-4a0f-bd00-d0b0ff3b2821,delusion.reisen,available,3.99,20.99,high,low,8,namesilo,,,24/09/2026 21:45
5a7d12c5-50c8-4587-b285-35aef0dceaf5,gal.reisen,premium,23.6,23.6,high,low,3,namesilo,,,29/09/2026 20:30
4165dd98-93a3-4d63-a7e0-80159f058726,airburst.reisen,available,3.99,20.99,medium,low,8,namesilo,,,17/09/2026 23:00
26b9b6fd-ef67-40d2-b350-2076ab336c60,moulding.reisen,available,3.99,20.99,medium,low,8,namesilo,,,24/09/2026 15:25
817ce16e-69f4-41ab-8049-f7fb3f15b347,tobacco.reisen,available,21.98,28.98,medium,low,7,namecheap,,,29/09/2026 00:12
ed872e0d-502b-47a3-9074-e4d46c6979af,mme.reisen,available,16.76,16.76,high,low,3,spaceship,,,29/09/2026 03:05
d879c4e8-4706-4366-98a0-39023fb28e5a,cumbria.reisen,available,16.2,16.2,medium,low,7,cloudflare,,,01/10/2026 01:39
662172dd-6bef-4aa3-bbbc-ac16085eeb30,norwich.reisen,premium,23.6,23.6,high,low,7,namesilo,,,25/09/2026 14:43
d403c4a8-5fef-406a-8649-4070118b21da,staffed.reisen,available,3.99,20.99,medium,low,7,namesilo,,,02/10/2026 22:02
6dd4cbbe-32c4-4d9a-bdc7-88873a64f315,hangar.reisen,available,3.99,20.99,high,low,6,namesilo,,,17/09/2026 23:05
a5bdddc3-79cb-4b1b-a907-34b47c8f92ae,awny.reisen,available,3.99,20.99,medium,low,4,namesilo,,,08/08/2026 01:25
1c27dc21-9ce4-4b23-af23-adff83b9dd26,diffusely.reisen,available,3.99,20.99,medium,low,9,namesilo,,,14/09/2026 12:36
e6d74beb-19f4-442c-9685-00ccc2302f7c,colombian.reisen,premium,23.6,23.6,high,low,9,namesilo,,,12/08/2026 17:18
43810c68-b69e-49cf-b7fc-727bebd8e5db,antipasto.reisen,available,21.98,28.98,high,low,9,namecheap,,,19/09/2026 14:52
9a7602d4-78f4-4c94-b6ef-38b2596931f3,tactless.reisen,available,3.99,20.99,medium,low,8,namesilo,,,11/09/2026 07:02
3fdd1f87-06d0-431d-8d1f-52bd434f93bc,aroma.reisen,available,3.99,20.99,high,low,5,namesilo,,,20/09/2026 08:25
fc3e063c-aa84-4f7c-8db9-55acd1d81477,skillful.reisen,available,3.99,20.99,high,low,8,namesilo,,,21/09/2026 17:27
acdfa2a0-0052-4db8-8c32-505bccfe3e72,care.reisen,available,3.99,20.99,high,medium,4,namesilo,,,25/09/2026 13:42
6f848e93-979d-450b-b515-ec2a2d1e3f3b,starred.reisen,available,3.99,20.99,medium,low,7,namesilo,,,07/08/2026 08:52
eaf873f8-d1fc-4dcc-9b0e-c7a0d25f0dbf,mozart.reisen,available,16.76,16.76,high,low,6,spaceship,,,28/09/2026 14:56
b0dc669b-dee3-4f3b-a95a-269123897a39,maya.reisen,available,16.2,16.2,high,medium,4,cloudflare,,,28/09/2026 10:22
a52dc475-3643-4d17-9185-aa7826930037,uriah.reisen,available,16.2,16.2,medium,low,5,cloudflare,,,01/10/2026 22:02
eaa96624-5af4-4708-b81d-16f0a6356f2d,murmuring.reisen,available,3.99,20.99,high,low,9,namesilo,,,03/09/2026 11:06
ad1613ea-b0e9-4bf6-b86b-bc43d1df06e1,dum.reisen,available,3.99,20.99,high,low,3,namesilo,,,01/10/2026 04:59
855ccef9-049e-448f-a6a5-7570e44fade0,enlivened.reisen,available,3.99,20.99,medium,low,9,namesilo,,,17/08/2026 09:37
0e814c4f-ca25-41cb-a1cd-d42d4e66a986,comfortable.reisen,available,3.99,20.99,high,low,11,namesilo,,,26/09/2026 00:46
58181ee4-3f28-4f7f-8cbe-f215e2eda724,selfless.reisen,available,3.99,20.99,high,low,8,namesilo,,,22/09/2026 02:51
0b958fc2-926e-46e1-a610-479ecd38a0a2,reproduced.reisen,available,16.2,16.2,medium,low,10,cloudflare,,,02/10/2026 21:53
4834cb21-52e3-40f7-af75-49d48ca6ae26,neurotic.reisen,available,3.99,20.99,medium,low,8,namesilo,,,03/09/2026 16:23
583662eb-549d-4bd9-8cd1-7b4c539be942,repaired.reisen,available,16.76,16.76,medium,low,8,spaceship,,,28/09/2026 23:01
8cb0243e-df97-4fa9-906d-d079a5580a08,brut.reisen,available,3.99,20.99,medium,low,4,namesilo,,,11/08/2026 07:07
57665023-2706-4d45-b0e5-db29e3d03f42,uma.reisen,available,21.98,28.98,high,low,3,namecheap,,,29/09/2026 12:33
53b8edb8-3f7d-4f9a-a6b2-93a39374fc6d,micah.reisen,available,3.99,20.99,high,low,5,namesilo,,,02/10/2026 04:08
5bb4e35d-8c03-436f-b62d-5d45d13722a8,washy.reisen,available,3.99,20.99,medium,low,5,namesilo,,,10/08/2026 13:56
16d76687-9c94-4091-a58f-d0371d76a9ba,blustery.reisen,available,3.99,20.99,medium,low,8,namesilo,,,10/08/2026 16:31
e0d737e9-81c6-4b1c-aef0-2ec1acb183d1,sunda.reisen,available,16.2,16.2,medium,low,5,cloudflare,,,02/10/2026 00:35
d971b250-5297-4f88-8f21-15177b3b3c14,anguish.reisen,available,3.99,20.99,medium,low,7,namesilo,,,19/09/2026 07:36
34405be8-54a7-41bb-9695-3e11a66df47d,systematic.reisen,available,3.99,20.99,high,low,10,namesilo,,,11/09/2026 06:44
94054ef5-35b6-49d6-a8aa-195927964751,splattered.reisen,available,24.99,26.99,medium,low,10,name.com,,,13/08/2026 15:21
4f11f851-d338-4ba1-9668-8149cc5a4c40,civil.reisen,available,3.99,20.99,high,low,5,namesilo,,,12/08/2026 09:03
5f155bb9-f3a3-4631-936f-63e5fab5011c,audit.reisen,available,3.99,20.99,high,low,5,namesilo,,,21/09/2026 03:05
5f86b32d-1545-43d4-b7a0-8180fed647b8,animating.reisen,available,17.34,17.34,high,low,9,dynadot,,,29/09/2026 05:09
42f6091e-6410-4f4c-b905-48fddf0ab1d9,surge.reisen,available,3.99,20.99,high,low,5,namesilo,,,23/09/2026 16:36
82c91fb9-4e89-44c1-a0d3-ea814689bd23,serrated.reisen,available,3.99,20.99,medium,low,8,namesilo,,,03/09/2026 22:08
6571c2a3-f441-4750-a864-f59216c9ad13,plowed.reisen,available,21.98,28.98,medium,low,6,namecheap,,,08/09/2026 21:24
6af3c8e8-fffa-4f6a-bd49-cc158bdfde54,exist.reisen,available,16.76,16.76,high,low,5,spaceship,,,30/09/2026 19:30
72f81c96-a1d5-48c6-9040-e8cb5e085680,bagger.reisen,available,21.98,28.98,medium,low,6,namecheap,,,21/09/2026 18:02
378b9244-bcb1-4dad-bd86-ffc8ec8d6207,unpainted.reisen,available,3.99,20.99,medium,low,9,namesilo,,,12/09/2026 16:25
a0c26ab5-c2de-4476-9c79-37702621fa89,ott.reisen,premium,22,22,high,low,3,dynadot,,,28/09/2026 21:01
ffeb1635-1a58-4908-8555-25627d4aa51e,belongs.reisen,available,21.98,28.98,medium,low,7,namecheap,,,25/09/2026 20:38
ec935e06-3291-48a1-bef3-1f9defc6db95,carnot.reisen,available,17.34,17.34,medium,low,6,dynadot,,,02/10/2026 04:17
777ea560-a32d-47ed-9bb0-fcae2466c370,bohrium.reisen,available,3.99,20.99,medium,low,7,namesilo,,,20/09/2026 22:07
42865a19-ac62-4696-9046-9219063d9ca9,firenze.reisen,available,3.99,20.99,high,low,7,namesilo,,,03/10/2026 00:50
bc51cc0a-8a5a-4566-80fb-af63370dd982,ofc.reisen,available,21.98,28.98,medium,low,3,namecheap,,,29/09/2026 03:35
7a9ad08f-224d-4ccc-8173-8b6f5513027c,stuart.reisen,available,3.99,20.99,high,low,6,namesilo,,,25/09/2026 22:59
9b7a7e77-cba9-47de-994f-962c65d3e153,nearby.reisen,available,3.99,20.99,high,low,6,namesilo,,,03/09/2026 14:32
427427ea-643d-4d3c-be11-40d7e7ada2c1,shoots.reisen,available,16.99,16.99,high,low,6,porkbun,,,28/09/2026 03:32
6a2f2b74-84b5-44c0-9926-d809512c1a69,hewlett.reisen,available,3.99,20.99,medium,low,7,namesilo,,,28/09/2026 23:16
1c853efc-eccc-4d85-9a4b-5bb6d4974abc,confederates.reisen,available,16.76,16.76,medium,low,12,spaceship,,,02/10/2026 22:59
a179c5bc-2ee5-45f3-8998-5f6ca34063ee,mankind.reisen,available,35.99,35.99,high,low,7,godaddy,,,28/09/2026 02:08
17055127-8408-4ad4-8835-2aa8e79038be,shoot.reisen,available,17.34,17.34,high,low,5,dynadot,,,01/10/2026 20:21
c3d94ed7-3f9b-4b64-a32b-72a2af6cfe8b,hosmer.reisen,available,3.99,20.99,medium,low,6,namesilo,,,02/10/2026 10:04
8066cfc4-ac86-43e3-88c7-40827c66fbb4,modeler.reisen,available,16.76,16.76,high,low,7,spaceship,,,30/09/2026 04:46
59d552d3-4fb3-4234-b961-644ec2c98dbe,exchanging.reisen,available,3.99,20.99,medium,low,10,namesilo,,,20/09/2026 00:55
da97f837-e3b2-4c0c-9509-ea251a60be1f,debates.reisen,available,16.2,16.2,medium,low,7,cloudflare,,,02/10/2026 02:29
713212de-974a-42b2-aa87-7ac2258bbeb3,friedman.reisen,available,16.2,16.2,medium,low,8,cloudflare,,,29/09/2026 18:58
7bda1479-af40-41b8-ac40-87c9d4b6cf13,conserve.reisen,available,3.99,20.99,high,low,8,namesilo,,,24/09/2026 17:27
24187d6f-9224-4adf-93df-a9477a580f2a,eroded.reisen,available,3.99,20.99,medium,low,6,namesilo,,,17/08/2026 12:24
4aa3de5e-3a48-4521-b132-70ce0b15af92,lizard.reisen,available,3.99,20.99,high,low,6,namesilo,,,30/09/2026 03:05
dd22b756-ba94-49ea-b2fd-fec46bdc625f,eater.reisen,available,3.99,20.99,high,low,5,namesilo,,,19/09/2026 09:42
504a5e8f-43a8-4fbb-b432-1980d7886d24,slantwise.reisen,available,3.99,20.99,medium,low,9,namesilo,,,16/09/2026 02:22
98cc239c-4172-456b-bdea-2c264be4681b,stern.reisen,available,3.99,20.99,high,low,5,namesilo,,,22/09/2026 13:25
5e1c30e2-9885-46bf-9197-1e28506bf0e6,accused.reisen,available,16.76,16.76,medium,low,7,spaceship,,,28/09/2026 17:31
695ca51d-a5a0-4f41-abc6-47267fc4139c,embedded.reisen,available,3.99,20.99,high,low,8,namesilo,,,16/08/2026 08:42
cea85fbf-f67d-46f4-8505-e1793132dfbb,mean.reisen,available,21.98,28.98,high,low,4,namecheap,,,22/09/2026 18:47
18c81b12-78f9-4a9c-96e3-d663bcf178cf,hexangular.reisen,available,3.99,20.99,medium,low,10,namesilo,,,21/08/2026 07:48
9b367370-63af-48ff-947a-6cd62301d7a8,grotesque.reisen,available,3.99,20.99,medium,low,9,namesilo,,,
fe8993c6-6869-47bd-a10e-edcd54c5ba99,theodore.reisen,available,3.99,20.99,high,low,8,namesilo,,,29/09/2026 02:58
bf1269ad-5082-4bf6-aa96-5be60b10f19b,spokesperson.reisen,available,3.99,20.99,high,low,12,namesilo,,,30/09/2026 14:32
c7df659f-16b5-4270-a58b-4c75c055701e,intolerable.reisen,available,16.76,16.76,medium,low,11,spaceship,,,30/09/2026 11:56
219db67c-0a5f-410c-8766-d1c2d72a2782,antithetic.reisen,available,3.99,20.99,medium,low,10,namesilo,,,05/08/2026 19:49
1ffd9967-57b6-49c2-b158-7496ebc52930,chased.reisen,available,3.99,20.99,high,low,6,namesilo,,,27/09/2026 08:31
f6a3219e-8dce-44ad-a884-c0c739162321,exchange.reisen,available,16.76,16.76,high,low,8,spaceship,,,02/10/2026 23:42
77342100-9fea-45a2-a4a4-7f315ec51e4e,quarterly.reisen,available,3.99,20.99,high,low,9,namesilo,,,09/09/2026 07:37
60fb71a0-6fb0-4559-b5c9-4f297cdc5bed,hassan.reisen,available,3.99,20.99,high,low,6,namesilo,,,27/09/2026 07:26
052229a2-abf5-474d-8eff-c94d65bf1e74,sorority.reisen,available,16.76,16.76,high,low,8,spaceship,,,01/10/2026 03:45
6e16064d-047e-4551-98b1-52a784c59271,perforation.reisen,available,24.99,,medium,low,11,name.com,,,
cb2448d6-81e5-4728-981c-47a825e99688,abelian.reisen,available,16.76,16.76,high,low,7,spaceship,,,29/09/2026 08:39
7db4d110-1bef-4031-b4d6-1756ba29a580,alexandre.reisen,available,16.76,16.76,high,low,9,spaceship,,,27/09/2026 20:05
6512c156-b589-4190-b6ba-c05e54a8b4e5,yitzhak.reisen,available,3.99,20.99,medium,low,7,namesilo,,,01/10/2026 23:38
36b4397e-35bd-43b2-a7a9-b58fe27261bf,multicolor.reisen,available,3.99,20.99,high,low,10,namesilo,,,03/09/2026 10:35
a7dc7d57-75a9-422e-961d-70a69ad56752,nath.reisen,available,21.98,28.98,medium,low,4,namecheap,,,29/09/2026 15:40
7b2920b1-f1a2-432c-a6dc-7462e30a6ab3,draining.reisen,available,21.98,28.98,medium,low,8,namecheap,,,14/08/2026 18:19
d5c85a68-4607-4ea1-9c42-e3394069c184,tocqueville.reisen,available,16.76,16.76,medium,low,11,spaceship,,,02/10/2026 20:35
b06fa23b-0438-475f-b959-6a20087c75e0,adaption.reisen,available,3.99,20.99,medium,low,8,namesilo,,,17/09/2026 06:32
8479583f-b2f3-48ed-9748-172524eaefda,inn.reisen,premium,23.6,23.6,high,low,3,namesilo,,,21/09/2026 02:28
6ac7a17b-450c-4ca3-aeb8-875f3dfca975,yogic.reisen,available,3.99,20.99,medium,low,5,namesilo,,,13/09/2026 14:41
9af711a8-0276-4cae-a121-ee208e8ea9c9,archival.reisen,available,3.99,20.99,high,low,8,namesilo,,,06/08/2026 15:53
e6bfc5f8-b25d-43c4-b0df-20698a4b2e25,blurred.reisen,available,3.99,20.99,medium,low,7,namesilo,,,22/09/2026 23:21
3d6ff3e5-3228-4df9-8c70-0e200fa4c0e3,accumulate.reisen,available,3.99,20.99,high,low,10,namesilo,,,12/08/2026 16:47
ac26294d-df80-4712-b794-da2f05126242,drive.reisen,available,3.99,20.99,high,medium,5,namesilo,,,24/09/2026 12:12
af671309-f6c4-4448-8708-91881aaa647c,avifauna.reisen,available,3.99,20.99,medium,low,8,namesilo,,,21/09/2026 09:31
7c00011b-49da-4346-bd2d-59475d57ed50,almond.reisen,available,16.76,16.76,high,low,6,spaceship,,,28/09/2026 20:40
119e92c3-cf48-4352-9d03-d9eb800a807d,needing.reisen,available,21.98,28.98,high,low,7,namecheap,,,01/10/2026 10:18
ba3fbf7f-6788-4b2c-bd53-2d74c56d3854,phantasy.reisen,available,3.99,20.99,high,low,8,namesilo,,,17/08/2026 21:58
b4d23482-5256-4317-9a69-e2c547e2613e,doyle.reisen,available,3.99,20.99,high,low,5,namesilo,,,25/09/2026 12:42
ffa0b3fe-a581-4770-b5b9-11e9554d8d02,cardiology.reisen,available,16.2,16.2,high,low,10,cloudflare,,,02/10/2026 23:52
fe6c54cc-3b0a-4d35-98c9-2d96b1e0bfeb,morley.reisen,available,3.99,20.99,high,low,6,namesilo,,,25/09/2026 05:08
4fc8f554-7670-4196-ae7c-82b82f568659,lush.reisen,available,,,high,medium,4,,,,
3aef17b0-fc30-4a33-b508-98185fd06d21,quotation.reisen,available,3.99,20.99,high,low,9,namesilo,,,01/10/2026 01:28
3a5cef31-1949-4669-bc7c-d3bddb617a50,forester.reisen,available,21.98,28.98,medium,low,8,namecheap,,,20/09/2026 00:50
ca042477-c565-4f23-8586-7c32c59eb25a,conjoint.reisen,available,3.99,20.99,medium,low,8,namesilo,,,12/08/2026 22:05
064774d2-11c3-4491-934a-c2d900516dfa,shelf.reisen,available,3.99,20.99,high,low,5,namesilo,,,30/09/2026 02:43
1e0d3eed-b311-406d-8d86-a3d4f274f652,stepfather.reisen,available,3.99,20.99,high,low,10,namesilo,,,30/09/2026 22:37
febba030-fe37-4934-9df2-01e829f06257,fashions.reisen,available,16.2,16.2,high,low,8,cloudflare,,,02/10/2026 13:01
3a7d8282-3d4e-4208-a919-0586185b43d2,fonts.reisen,available,3.99,20.99,medium,low,5,namesilo,,,20/09/2026 22:56
b74d8f69-8320-4fcf-8600-d4dd592a7c98,titanium.reisen,available,3.99,20.99,high,low,8,namesilo,,,20/09/2026 22:34
35b3b8ee-d822-454e-ac70-3c6be205cc7d,actionable.reisen,available,3.99,20.99,high,low,10,namesilo,,,21/09/2026 16:28
6ecd501e-851e-4561-9cc2-ef2ce6a3402b,leavitt.reisen,available,16.76,16.76,medium,low,7,spaceship,,,29/09/2026 04:25
54314e52-eee7-4028-85af-e63dc02ab106,recycling.reisen,available,16.2,16.2,high,low,9,cloudflare,,,28/09/2026 20:17
d0153c57-4ed4-43e5-8fff-5c6b5018f1d9,dependance.reisen,available,21.98,28.98,medium,low,10,namecheap,,,17/09/2026 06:55
074adedc-c403-42bb-9882-b614c8757551,bookshelf.reisen,available,3.99,20.99,high,low,9,namesilo,,,24/09/2026 07:17
dd1b8a6a-51e5-4916-b86f-1d0ab4740dc2,polynomials.reisen,available,3.99,20.99,medium,low,11,namesilo,,,27/09/2026 09:22
2e16c395-36ce-4473-9dfb-a1fbc786ef17,assume.reisen,available,3.99,20.99,high,low,6,namesilo,,,27/09/2026 08:58
0ba0468b-a655-4db5-9167-8950418d624d,sand.reisen,premium,23.6,23.6,high,low,4,namesilo,,,18/09/2026 15:40
1ea8a4c7-7f79-4f58-8b48-df262f27e178,illumine.reisen,available,3.99,20.99,high,low,8,namesilo,,,08/09/2026 04:54
257e96d4-a87d-457d-82c6-3f6ffa0dbe99,shipley.reisen,available,16.76,16.76,medium,low,7,spaceship,,,29/09/2026 09:53
29ad5209-5738-456f-8dd6-db40f6e2cd01,dirichlet.reisen,available,16.2,16.2,medium,low,9,cloudflare,,,01/10/2026 23:42
3791176a-5253-412c-a6bc-7ecfac35a78a,aeschylus.reisen,available,3.99,20.99,medium,low,9,namesilo,,,17/09/2026 13:19
b578a23f-8800-4cd4-b2b0-951ae119f749,hands.reisen,available,3.99,20.99,high,low,5,namesilo,,,08/09/2026 04:01
ff6efc47-57f0-498c-b61d-71e8a9f879d4,applaud.reisen,available,3.99,20.99,high,low,7,namesilo,,,30/09/2026 15:09
a31d6080-98e0-4ea1-954b-b16c6c677b08,tavern.reisen,available,16.76,16.76,high,low,6,spaceship,,,28/09/2026 15:26
2b6558ac-41e6-4958-8b08-c8e03deacc0b,altogether.reisen,available,3.99,20.99,high,low,10,namesilo,,,
36b2ac01-4883-4417-a913-45deebe6114f,knower.reisen,available,3.99,20.99,medium,low,6,namesilo,,,19/09/2026 22:14
c7782ee5-aa31-4467-afbe-b59f8de2cb83,clarksburg.reisen,available,17.34,17.34,medium,low,10,dynadot,,,02/10/2026 14:39
081a4e8c-6320-49f3-8267-ab256b460484,sniffy.reisen,available,3.99,20.99,medium,low,6,namesilo,,,21/08/2026 01:27
061e0fd6-5b5a-40e6-9794-7ca0a8151af8,victual.reisen,available,21.98,28.98,medium,low,7,namecheap,,,12/08/2026 18:51
67e6a64a-bf8d-4968-ab94-b6283f26cba3,grandmother.reisen,available,3.99,20.99,high,low,11,namesilo,,,30/09/2026 22:07
f7d04753-d672-4455-a5bf-92a2a94da19a,neoplastic.reisen,available,3.99,20.99,medium,low,10,namesilo,,,03/09/2026 15:29
4a5157e5-b962-405f-81ab-c986a0fb4448,turned.reisen,available,16.76,16.76,medium,low,6,spaceship,,,28/09/2026 09:34
fe05b37a-bdd8-47b6-b462-adf77868ea32,warm.reisen,available,3.99,20.99,high,low,4,namesilo,,,21/09/2026 21:51
c5591d1a-5dcc-4358-a9d4-1bed44a05061,wailing.reisen,available,21.98,28.98,medium,low,7,namecheap,,,22/08/2026 19:04
6cb6f732-a72a-486a-ab69-2467d7de056e,thackeray.reisen,available,16.2,16.2,medium,low,9,cloudflare,,,29/09/2026 14:03
e80479a0-9698-4d36-9d45-b1e9cf70f1b2,scotia.reisen,available,16.99,16.99,high,low,6,porkbun,,,01/10/2026 23:20
ac27a049-dcae-4a34-843a-0c219e29a6e0,detour.reisen,available,16.76,16.76,high,low,6,spaceship,,,29/09/2026 14:19
0702e4a0-9f06-497a-8a80-6163da31d7a1,alcatraz.reisen,available,3.99,20.99,high,low,8,namesilo,,,02/10/2026 08:29
93aeb2dd-375b-46c3-a7c5-b6731ca42173,redmond.reisen,available,3.99,20.99,medium,low,7,namesilo,,,28/09/2026 11:41
286c9259-3d5b-4b46-99ab-9cd06f641bb2,dita.reisen,available,3.99,20.99,medium,low,4,namesilo,,,18/09/2026 14:25
fd8091d1-26fb-4f51-ab89-f562093bbcb4,werke.reisen,available,16.2,16.2,medium,low,5,cloudflare,,,02/10/2026 18:48
c210fd61-0345-4553-9cc6-15c6dfebfb9b,lengthy.reisen,available,3.99,20.99,medium,low,7,namesilo,,,14/08/2026 18:32
5f0e1460-472a-4d4a-9b94-0f83d105ee74,steeply.reisen,available,3.99,20.99,medium,low,7,namesilo,,,16/09/2026 06:59
139cbe71-3a76-4a1b-a038-98307b03e92d,vhf.reisen,premium,20.9,20.9,high,low,3,spaceship,,,28/09/2026 02:03
23f3819b-bce0-44a0-a0a6-e7597bf443fc,bragg.reisen,available,3.99,20.99,medium,low,5,namesilo,,,25/09/2026 21:58
8cb87ed3-8533-435f-860e-2414ca499a57,unsparing.reisen,available,21.98,28.98,medium,low,9,namecheap,,,22/08/2026 21:11
6da03c7b-7eed-49cd-8a55-a6f4e4d91f4b,agromania.reisen,available,21.98,28.98,medium,low,9,namecheap,,,17/09/2026 19:38
be49e4f5-b5d1-4880-8913-f190aaa758bf,vehicular.reisen,available,3.99,20.99,high,low,9,namesilo,,,13/09/2026 01:48
0eacc62c-43eb-4a7a-b3c4-19f0cb12103d,applicant.reisen,available,3.99,20.99,high,low,9,namesilo,,,19/09/2026 21:53
458a1fa9-7354-4ed0-8186-6034afe346c9,fletcher.reisen,available,21.98,28.98,high,low,8,namecheap,,,30/09/2026 09:40
20a858b2-a61a-4992-a0c1-e67f9a51d01c,counselling.reisen,available,3.99,20.99,high,low,11,namesilo,,,17/09/2026 12:13
6018d453-10c5-43cb-afe3-d00998335780,carlist.reisen,available,16.99,16.99,medium,low,7,porkbun,,,02/10/2026 18:54
c70b551d-38ac-4e63-881e-077d2fb7f684,justify.reisen,available,16.76,16.76,high,low,7,spaceship,,,28/09/2026 11:05
66de5861-5a7c-4c31-baa9-e3b632b162a1,sadly.reisen,available,3.99,20.99,medium,low,5,namesilo,,,14/09/2026 11:52
0d378143-66eb-4e00-90b2-c0cda0824a26,refinery.reisen,available,16.76,16.76,high,low,8,spaceship,,,30/09/2026 02:41
17e08b33-6bca-41ba-bce2-422ed3fe0d4c,filmable.reisen,available,3.99,20.99,medium,low,8,namesilo,,,18/08/2026 04:23
4a10a093-39bc-4add-a22f-6eabd72161d6,bitten.reisen,available,21.98,28.98,low,low,6,namecheap,,,29/09/2026 10:18
f6e42016-e487-4e62-b0e9-69ea98b0f5e8,magnolia.reisen,available,16.76,16.76,high,low,8,spaceship,,,30/09/2026 10:32
a7a7d1ea-875f-4c63-a3f7-51b615e9e49f,calorific.reisen,available,3.99,20.99,medium,low,9,namesilo,,,11/08/2026 15:12
fd149052-858d-49b6-aca4-9165b350c58b,moss.reisen,available,16.76,16.76,high,medium,4,spaceship,,,28/09/2026 14:55
e32fa1ee-63f7-4f67-95c5-60961969b556,philia.reisen,available,3.99,20.99,high,low,6,namesilo,,,17/09/2026 14:21
505754af-ab5e-4240-a01d-2e04bbdefad8,basilica.reisen,available,3.99,20.99,medium,low,8,namesilo,,,22/09/2026 10:49
ac4abac0-33ad-49f0-a3a4-7c2c30bfd831,nonsmoking.reisen,available,21.98,28.98,medium,low,11,namecheap,,,16/09/2026 20:03
1b6cf729-5a28-4fbf-bdfc-448c2f30d99f,baffling.reisen,available,3.99,20.99,medium,low,8,namesilo,,,08/08/2026 08:02
21c26bf6-923a-4681-ac85-dd4ba52d3996,approving.reisen,available,3.99,20.99,medium,low,9,namesilo,,,06/08/2026 08:49
15978c24-5e71-48d8-9f71-09a6c579d6cc,plea.reisen,available,3.99,20.99,high,low,4,namesilo,,,28/09/2026 06:36
e516d87c-7c72-4847-b30a-56115d30a4d2,deviation.reisen,available,3.99,20.99,high,low,9,namesilo,,,30/09/2026 09:21
9a832486-45e8-4521-994a-234c913c542c,counties.reisen,available,17.34,17.34,medium,low,8,dynadot,,,30/09/2026 22:53
6075cb27-f233-4f77-ab5b-4ff9faa7b232,path.reisen,available,3.99,20.99,high,low,4,namesilo,,,25/09/2026 07:51
b210c4a1-8612-46d3-bb0d-48cb0c06e205,lacrimal.reisen,available,21.98,28.98,medium,low,8,namecheap,,,22/08/2026 17:57
608e3b86-bfd7-42d7-9e52-4033ff4b2453,chock.reisen,available,3.99,20.99,medium,low,5,namesilo,,,14/09/2026 06:47
1c817be6-8273-4fee-934c-8645aaa868f2,adoringly.reisen,available,3.99,20.99,medium,low,9,namesilo,,,13/09/2026 17:23
0b42c6e8-7335-4f5f-ac00-4589dfbfcf1b,vehement.reisen,available,3.99,20.99,medium,low,8,namesilo,,,11/09/2026 09:44
ad741858-64b6-4f2d-852e-6731c521c6bf,bullet.reisen,available,3.99,20.99,high,low,6,namesilo,,,29/09/2026 05:18
6510838b-c8e8-452a-91cc-68a169f5ec10,delicacy.reisen,available,24.99,26.99,high,low,8,name.com,,,13/08/2026 15:51
ce42d6cb-4b0c-4ccd-a3af-44663f02cea0,descending.reisen,available,16.76,16.76,medium,low,10,spaceship,,,28/09/2026 21:15
db2c2d2e-48ba-4eaa-8314-711054c8ad86,girdle.reisen,available,3.99,20.99,high,low,6,namesilo,,,24/09/2026 15:02
1dec51e7-f4a6-4613-a239-cb046f4c3350,capacitive.reisen,available,21.98,28.98,medium,low,10,namecheap,,,11/08/2026 17:49
3f3dc00a-0387-4f5f-b504-469f4bd10693,wallpaper.reisen,available,16.2,16.2,high,low,9,cloudflare,,,29/09/2026 08:18
6a236329-34e0-459e-aef1-0d63cdfe4096,nett.reisen,available,3.99,20.99,medium,low,4,namesilo,,,03/09/2026 15:52
7425b55d-9691-464c-8f83-825e460e0901,anya.reisen,available,3.99,20.99,high,low,4,namesilo,,,01/10/2026 23:47
84b72163-cb77-4179-a116-4b888012ebde,carmen.reisen,available,24.99,26.99,high,low,6,name.com,,,27/09/2026 01:37
4bfcccda-d1f4-466a-a792-4f3d62094105,alpha.reisen,premium,26,26,high,medium,5,namecheap,,,22/09/2026 02:07
bb0704d8-da38-44a0-9698-93c47960f980,inexpensive.reisen,available,16.76,16.76,high,low,11,spaceship,,,01/10/2026 01:44
3729757e-80cc-4b24-9751-486e19d4d5ac,angle.reisen,available,3.99,20.99,high,low,5,namesilo,,,25/09/2026 13:22
80455fdf-bb21-449b-b723-9159dedcf727,intern.reisen,available,16.2,16.2,high,low,6,cloudflare,,,28/09/2026 14:28
a4eb686d-bc3e-41f0-8148-942688b34737,eastbourne.reisen,premium,23.6,23.6,high,low,10,namesilo,,,02/10/2026 00:02
958a986a-ab5b-46d7-9e34-069bf8f9c39c,arda.reisen,available,21.98,28.98,high,low,4,namecheap,,,17/09/2026 10:27
6d82a540-251a-46f2-b11f-ad3a5724c113,uncertainty.reisen,available,3.99,20.99,medium,low,11,namesilo,,,29/09/2026 16:17
e758bf24-0d8c-44bf-b6d0-77da16c71151,responding.reisen,available,3.99,20.99,high,low,10,namesilo,,,28/09/2026 07:25
fc69e32b-2cf3-4100-a328-6ca9da71f4cc,taxman.reisen,available,3.99,20.99,medium,low,6,namesilo,,,24/09/2026 16:18
d7f881ee-7a09-45e0-ae95-a88fa4320c34,hazleton.reisen,available,17.34,17.34,medium,low,8,dynadot,,,03/10/2026 04:29
933b2cf4-b75b-45fe-8b04-eb74e9f7fa6b,recharge.reisen,available,3.99,20.99,high,low,8,namesilo,,,01/10/2026 04:24
596a1c31-b316-419b-821f-3552e3f4a5e4,jung.reisen,premium,26,26,high,low,4,namecheap,,,25/09/2026 03:59
710e37ba-4fff-4b7e-a5b3-abc59bcbd1ed,doctrinal.reisen,available,3.99,20.99,medium,low,9,namesilo,,,14/08/2026 14:25
66bf91af-227c-4d55-bc69-4e6d370e6993,marne.reisen,available,3.99,20.99,high,low,5,namesilo,,,29/09/2026 15:38
91ca0040-1e2c-491f-8663-55b73e4c81a4,moosewood.reisen,available,3.99,20.99,medium,low,9,namesilo,,,16/09/2026 23:36
9b5a470f-6017-44f7-bf5a-717aef5cd662,egg.reisen,premium,26,26,high,low,3,namecheap,,,29/09/2026 00:46
f0b7d344-fb9f-44f7-aec9-79b2b3e009be,expertise.reisen,available,16.76,16.76,high,low,9,spaceship,,,29/09/2026 18:40
18c5c63f-d63c-48f3-918b-c5776b4445ae,troopers.reisen,available,16.2,16.2,medium,low,8,cloudflare,,,30/09/2026 16:00
e1a1387d-5bd8-4884-ba85-ada46144378f,stitched.reisen,available,3.99,20.99,medium,low,8,namesilo,,,10/09/2026 05:09
e6edbae1-7d49-4e13-ae01-3695593edee2,clearer.reisen,available,3.99,20.99,high,low,7,namesilo,,,30/09/2026 12:01
1eda0f27-cd87-43dd-b62f-c01738e2f6fe,slovaks.reisen,available,16.76,16.76,medium,low,7,spaceship,,,02/10/2026 03:51
7d593b39-a34f-40db-b759-e28fab1c56ac,rosemont.reisen,available,16.76,16.76,medium,low,8,spaceship,,,02/10/2026 20:54
e32874ac-2b8c-40aa-bf32-1b87b992589f,polygenic.reisen,available,3.99,20.99,medium,low,9,namesilo,,,08/09/2026 23:15
b90d69c6-4919-495d-ab75-275a23fa6487,factious.reisen,available,3.99,20.99,medium,low,8,namesilo,,,14/08/2026 12:34
3002c95b-4f90-4062-af96-72ac2fca3602,imitative.reisen,available,3.99,20.99,medium,low,9,namesilo,,,13/08/2026 03:34
eeccdb2f-d592-43e1-805c-0229bb464875,menial.reisen,available,21.98,28.98,medium,low,6,namecheap,,,24/08/2026 20:12
20e93d9f-f272-4d14-a0f0-d6a0ae11175b,spotted.reisen,available,3.99,20.99,high,low,7,namesilo,,,10/09/2026 16:39
20f388ec-613b-47ed-a2c4-43c65674cb44,approach.reisen,available,3.99,20.99,high,low,8,namesilo,,,06/08/2026 08:44
7c0aca29-c6ee-4568-90b9-3ac66cef196d,israeli.reisen,available,3.99,20.99,high,low,7,namesilo,,,22/08/2026 11:32
5650125a-2577-4493-93f7-622fc234622f,dionysia.reisen,available,3.99,20.99,high,low,8,namesilo,,,21/09/2026 13:58
f3c61361-b1ba-4dc4-b5f1-296bcc8dfaab,babies.reisen,available,3.99,20.99,high,low,6,namesilo,,,
0f6748d9-820c-4cbe-8844-2b850feb38a9,peeking.reisen,available,16.76,16.76,high,low,7,spaceship,,,02/10/2026 01:04
c3249062-f713-46e7-8642-670ae3be29c4,nth.reisen,premium,23.6,23.6,medium,low,3,namesilo,,,03/09/2026 12:35
857c6351-b5d0-4b34-a15a-9779b74c1a3f,batsman.reisen,available,3.99,20.99,medium,low,7,namesilo,,,22/09/2026 14:19
e1fd6d2b-2503-4171-aed9-c9d17c69304f,formalized.reisen,available,3.99,20.99,medium,low,10,namesilo,,,18/08/2026 12:03
e966d85b-e19a-4486-8520-438601b0022a,vision.reisen,available,3.99,20.99,high,medium,6,namesilo,,,25/09/2026 07:47
05d63c83-c038-4be1-b17f-d5cc73a09c4c,inept.reisen,available,21.98,28.98,medium,low,5,namecheap,,,21/08/2026 18:53
f208bb2a-9924-448a-8b9c-2bb29ac1d8f2,markers.reisen,available,16.2,16.2,low,low,7,cloudflare,,,29/09/2026 06:04
7dafadc2-f569-49e6-a4c5-54fe248efda6,collars.reisen,available,3.99,20.99,medium,low,7,namesilo,,,20/09/2026 09:10
060a4921-d935-4922-a196-0aba27bc817c,aerator.reisen,available,3.99,20.99,medium,low,7,namesilo,,,17/09/2026 12:47
6685eebb-7a95-4660-9f71-5066a2cc1d43,cedric.reisen,available,3.99,20.99,medium,low,6,namesilo,,,29/09/2026 11:42
3e786abb-84da-4e71-b93e-8f01b1830aeb,dissent.reisen,available,16.2,16.2,high,low,7,cloudflare,,,29/09/2026 16:15
8970ce91-cfb2-4202-920d-cd373ac9ef93,abstractly.reisen,available,3.99,20.99,medium,low,10,namesilo,,,13/09/2026 16:42
f7b664cd-6e05-4131-80fe-7082cf78be97,squawker.reisen,available,3.99,20.99,medium,low,8,namesilo,,,23/09/2026 06:50
e3777c58-bc79-40ae-8879-48ca15fb3379,pigeon.reisen,available,3.99,20.99,high,low,6,namesilo,,,28/09/2026 02:55
372c9699-c8d3-437a-aaa8-4b26668bbaff,scholarly.reisen,available,3.99,20.99,high,low,9,namesilo,,,09/09/2026 23:11
7e3fd967-7c8a-4e78-893f-f625539d8e6f,lips.reisen,available,16.76,16.76,high,low,4,spaceship,,,01/10/2026 00:24
165838eb-ca53-4430-b7c1-a74cfdd27ab4,boccaccio.reisen,available,16.76,16.76,high,low,9,spaceship,,,02/10/2026 14:24
6a1ac2f4-5126-4c88-a5d2-f1dc01638d19,higgins.reisen,available,3.99,20.99,high,low,7,namesilo,,,25/09/2026 13:27
7faf0edc-ecbe-4e13-b362-3d1aadc60ba2,addison.reisen,available,16.2,16.2,medium,low,7,cloudflare,,,29/09/2026 23:23
d7ea0c15-d485-4b60-a042-18d71597761d,drawn.reisen,available,21.98,28.98,high,low,5,namecheap,,,23/09/2026 12:57
9c5d93fc-1bbc-4bc0-b5d0-29daac305535,dnr.reisen,available,3.99,20.99,high,low,3,namesilo,,,02/10/2026 08:32
68c7a24f-7e0b-4300-819e-6a4d8a546567,landward.reisen,available,3.99,20.99,high,low,8,namesilo,,,15/09/2026 10:39
2f7c1ab9-373b-4d5b-9065-b7d387df5e9d,snuggle.reisen,available,21.98,28.98,high,low,7,namecheap,,,24/09/2026 20:12
0a49b489-4868-4abb-8752-45bcc310f8ae,bison.reisen,available,21.98,28.98,high,low,5,namecheap,,,23/09/2026 22:04
144b0931-8b7f-4c74-be74-0db078a0fcb7,bishops.reisen,available,3.99,20.99,low,low,7,namesilo,,,30/09/2026 23:08
55bba054-a582-4113-bd53-fc7d98f74a0d,potawatomi.reisen,available,17.34,17.34,high,low,10,dynadot,,,02/10/2026 06:06
8f79ea3c-a3d9-43e3-979a-a28ef3c2ebfb,broadly.reisen,available,16.2,16.2,medium,low,7,cloudflare,,,28/09/2026 13:32
cae473f9-74a2-4235-8c03-de236e21bba8,gma.reisen,available,21.98,28.98,high,low,3,namecheap,,,29/09/2026 21:30
3b64ab6d-adb6-469f-a4ea-92330e04b558,professions.reisen,available,21.98,28.98,medium,low,11,namecheap,,,19/09/2026 22:50
1dad5123-2e1d-46c4-ad27-9640848bfcf1,yeager.reisen,available,21.98,28.98,medium,low,6,namecheap,,,02/10/2026 00:48
847902c8-e490-4397-b193-c25a211f5c8e,shellproof.reisen,available,21.98,28.98,medium,low,10,namecheap,,,10/08/2026 18:11
20422e68-3b93-4023-8417-282a54b01eb0,conspicuous.reisen,available,16.76,16.76,medium,low,11,spaceship,,,29/09/2026 03:02
43c5d253-aa8a-4795-bf5e-01d129d7eb39,alnus.reisen,available,3.99,20.99,medium,low,5,namesilo,,,18/09/2026 12:53
d4a06c52-2a90-4238-8693-9e2f781cb9d5,deducible.reisen,available,3.99,20.99,medium,low,9,namesilo,,,13/08/2026 22:25
f43dfab7-774e-44db-8909-e71c59e8cbaf,steadying.reisen,available,21.98,28.98,medium,low,9,namecheap,,,10/09/2026 19:39
6a3257db-a603-4f74-8131-0fc31130d13a,sprayed.reisen,available,16.2,16.2,medium,low,7,cloudflare,,,30/09/2026 20:15
a7bd7dc8-fb9a-4b82-b32e-5cdd066f039b,subhuman.reisen,available,3.99,20.99,medium,low,8,namesilo,,,10/09/2026 23:56
c3502c66-8b5d-4dd1-9773-f2ab522cce10,linnean.reisen,available,21.98,28.98,medium,low,7,namecheap,,,23/08/2026 17:24
646f2277-87f1-469b-902a-7c2b9a97adbd,convolve.reisen,available,3.99,20.99,medium,low,8,namesilo,,,13/08/2026 00:01
1be2ed27-df04-43a8-a79b-661788d3a88b,allocator.reisen,available,3.99,20.99,high,low,9,namesilo,,,18/09/2026 11:47
8a411373-5ba7-4996-87e9-91f432719efb,tribal.reisen,available,21.98,28.98,high,low,6,namecheap,,,11/09/2026 19:22
c98bb775-751c-4181-83ee-5dfe5612873e,plumbing.reisen,available,3.99,20.99,high,low,8,namesilo,,,22/09/2026 13:57
87c43e5b-6875-4bb8-a2b8-5bedf40435e9,makeovers.reisen,available,3.99,20.99,medium,low,9,namesilo,,,21/09/2026 08:55
84a5fab0-8ba7-4a3e-9ccb-e484fc444a14,rim.reisen,premium,26,26,high,low,3,namecheap,,,24/09/2026 10:31
7f742be2-696d-4e3f-9a45-7e5ec1c1e91b,eleanor.reisen,available,3.99,20.99,high,low,7,namesilo,,,28/09/2026 03:53
93ed6b16-59fa-4701-a233-3c93bbeb8adc,sfa.reisen,premium,26,26,high,low,3,namecheap,,,03/10/2026 04:57
667a4b4a-3e23-4162-8232-f6fc01430edc,denomination.reisen,available,3.99,20.99,medium,low,12,namesilo,,,30/09/2026 22:29
297ad282-3625-4cd7-a8ce-92e77f51f69d,ammon.reisen,available,16.2,16.2,medium,low,5,cloudflare,,,02/10/2026 08:53
8db5afc5-3f32-46a8-99cf-412cdb56be97,foxes.reisen,available,3.99,20.99,medium,low,5,namesilo,,,30/09/2026 14:38
45c8d09a-f772-4c30-8a02-ccf8106196ed,taboo.reisen,available,3.99,20.99,high,low,5,namesilo,,,18/08/2026 11:03
87656cfe-ec01-42f8-a00e-e5f06f21866b,treated.reisen,available,3.99,20.99,high,low,7,namesilo,,,11/09/2026 10:52
48904d4d-444d-47aa-b550-e51bda6e0784,whopping.reisen,available,3.99,20.99,medium,low,8,namesilo,,,08/08/2026 13:14
9d2e8988-c527-4c16-aa91-7dab9b323701,resting.reisen,available,16.76,16.76,high,low,7,spaceship,,,28/09/2026 04:49
ee121ac2-bc3a-4384-83f9-652458449de7,moore.reisen,available,24.99,26.99,high,low,5,name.com,,,27/09/2026 13:11
eb014dc4-2be3-4712-93ec-6ed7cf14c111,edc.reisen,available,3.99,20.99,high,low,3,namesilo,,,03/10/2026 03:35
00478462-b8d9-4d6f-ad2c-88431b3abc54,wylie.reisen,available,3.99,20.99,medium,low,5,namesilo,,,28/09/2026 13:59
b0951d9f-c73f-493a-9208-380320545690,napkins.reisen,available,21.98,28.98,medium,low,7,namecheap,,,21/09/2026 05:52
020187bc-83b6-42b7-83ef-a08e1f5232df,chechen.reisen,available,3.99,20.99,high,low,7,namesilo,,,12/08/2026 03:34
1f37b265-a790-46ad-b033-15253ca83672,armorer.reisen,available,3.99,20.99,medium,low,7,namesilo,,,20/09/2026 07:29
5d44ddae-f980-4760-beb8-227bb2b96ab8,gibe.reisen,available,21.98,28.98,medium,low,4,namecheap,,,22/09/2026 04:17
35f38190-dcc4-4d4b-8f2a-4b6350c4122d,benzocaine.reisen,available,3.99,20.99,medium,low,10,namesilo,,,23/09/2026 08:58
cd531aa2-979a-4ee1-b213-cc1a23158743,dazzled.reisen,available,24.99,26.99,medium,low,7,name.com,,,13/08/2026 18:57
c993d527-905b-43f7-826b-8ce35c6e3b92,software.reisen,available,16.2,16.2,high,medium,8,cloudflare,,,02/10/2026 21:20
fc53eafc-2636-406d-b336-17ce08895069,domesticated.reisen,available,21.98,28.98,high,low,12,namecheap,,,30/09/2026 19:43
ae8864d1-1f95-4c85-8e45-b40b29bf0654,pigmented.reisen,available,16.76,16.76,medium,low,9,spaceship,,,30/09/2026 14:34
320b893c-cedc-4fef-9945-ae8bd3244450,alleviant.reisen,available,3.99,20.99,medium,low,9,namesilo,,,04/09/2026 23:46
3395318b-ef1d-46a2-b409-b383b95167a3,volvo.reisen,available,3.99,20.99,high,low,5,namesilo,,,01/10/2026 11:45
bca6860e-6447-4ccb-b35f-d33710bb4f0a,poll.reisen,available,16.76,16.76,high,low,4,spaceship,,,29/09/2026 06:42
1f230cda-4cf8-4581-9fde-04eff738e38d,physician.reisen,available,3.99,20.99,high,low,9,namesilo,,,24/09/2026 23:20
bcb649bf-cef1-45f4-888a-cfbd34eba02c,prosecutors.reisen,available,16.2,16.2,medium,low,11,cloudflare,,,30/09/2026 00:33
084cb40b-11a2-45ee-a664-1e28b35bf877,bothersome.reisen,available,3.99,20.99,medium,low,10,namesilo,,,
441701a8-df24-455f-9672-f15ea3c3ede8,bey.reisen,available,3.99,20.99,medium,low,3,namesilo,,,23/09/2026 12:10
1e1e2034-6ca0-488c-a699-406459b18483,immaculate.reisen,available,3.99,20.99,high,low,10,namesilo,,,18/08/2026 00:07
825959dd-6cc7-48b2-8e43-df50d3f164e0,colors.reisen,available,3.99,20.99,high,low,6,namesilo,,,29/09/2026 10:19
2bafe439-80be-4164-b4a3-b9b3380f0c21,barbarians.reisen,available,16.2,16.2,medium,low,10,cloudflare,,,01/10/2026 00:21
1b9c8640-b56f-4a63-9bca-3ebc3d9fee22,conformist.reisen,available,21.98,28.98,medium,low,10,namecheap,,,12/08/2026 21:13
c7463e51-6865-4b12-9f94-b82dee76ebb6,lowry.reisen,available,3.99,20.99,medium,low,5,namesilo,,,01/10/2026 01:28
587e9c9d-8e4d-4949-a2a0-fad969250d69,wall.reisen,available,16.76,16.76,high,low,4,spaceship,,,02/10/2026 12:49
20831600-cc73-4de7-81bc-388a7afd5372,clown.reisen,available,3.99,20.99,high,low,5,namesilo,,,22/09/2026 06:35
dd42bc80-5b4b-482f-a432-1344cb323ee4,tendered.reisen,available,3.99,20.99,medium,low,8,namesilo,,,20/09/2026 16:36
c147a7ee-f801-43f6-8757-1c39eeaef0d5,snoring.reisen,available,3.99,20.99,high,low,7,namesilo,,,02/10/2026 06:26
25c6943a-63a9-4b3e-98f1-104ee7dc530b,devotee.reisen,available,3.99,20.99,high,low,7,namesilo,,,11/08/2026 07:49
6185ee5f-da72-4335-b960-92b88609fc1f,angel.reisen,premium,414.2,414.2,high,medium,5,spaceship,,,28/09/2026 21:23
54997233-e7f6-448b-a076-66df0f1ee4b6,pena.reisen,available,21.98,28.98,medium,low,4,namecheap,,,30/09/2026 13:00
f2b62a4e-a02e-403c-88be-360ec097e60b,munro.reisen,available,16.2,16.2,high,low,5,cloudflare,,,27/09/2026 13:53
cfc94f9d-1688-48b8-90fd-07b99507a291,blissfully.reisen,available,3.99,20.99,high,low,10,namesilo,,,14/09/2026 00:23
c471c0f9-c4b9-4d69-b314-86ddfdc48344,gomad.reisen,available,3.99,20.99,medium,low,6,namesilo,,,20/09/2026 00:44
9ba2ee10-4c00-498a-a76c-5e62168e4d77,juristic.reisen,available,3.99,20.99,medium,low,8,namesilo,,,22/08/2026 14:37
4f1ffd07-0654-4ac3-8b3d-e47561891dde,dow.reisen,premium,,,high,high,3,,,,30/09/2026 19:23
3fa96376-b8c6-42f7-99ea-0d6c20b41d45,conclusive.reisen,available,21.98,28.98,high,low,10,namecheap,,,23/09/2026 19:11
b6fcceda-72df-47ad-aaa0-0661fa8c4f25,gazette.reisen,available,3.99,20.99,high,low,7,namesilo,,,30/09/2026 01:42
573bcee2-c653-4a95-a491-03def55264aa,darby.reisen,available,16.76,16.76,high,low,5,spaceship,,,01/10/2026 06:43
3ac74ac9-c44f-465b-bcc4-d3477c050502,sagely.reisen,available,3.99,20.99,medium,low,6,namesilo,,,16/09/2026 00:31
c624a354-5859-4252-a922-33fb8c900202,meditation.reisen,available,16.76,16.76,high,low,10,spaceship,,,29/09/2026 07:35
10e5d82e-d3c5-442d-a0d1-a1776c3ca7ee,eurasian.reisen,available,3.99,20.99,high,low,8,namesilo,,,17/08/2026 14:26
ad6eaa99-0180-453c-bbc3-61bf7081d16e,sinner.reisen,available,16.99,16.99,medium,low,6,porkbun,,,29/09/2026 18:50
e1edd146-068c-4e2c-85f1-e2d536c589ca,left.reisen,available,3.99,20.99,high,low,4,namesilo,,,25/09/2026 13:25
588b17a4-5bac-4ad5-b86a-96e74f6495cb,aperiodic.reisen,available,3.99,20.99,medium,low,9,namesilo,,,05/08/2026 22:30
d2a362bb-753f-456e-9a61-ba879f0e1f7d,grouped.reisen,available,21.98,28.98,medium,low,7,namecheap,,,20/08/2026 20:22
61797f9e-f9ef-4564-9c46-1e0027018990,crafted.reisen,available,16.99,16.99,high,low,7,porkbun,,,02/10/2026 07:25
561b80ad-4fdb-46cd-989e-47892bf0f193,backslash.reisen,available,16.2,16.2,high,low,9,cloudflare,,,01/10/2026 00:11
e3f9ddae-f631-4ad5-8891-afc4cd774f84,phytoplankton.reisen,available,16.76,16.76,medium,low,13,spaceship,,,02/10/2026 21:11
684df8c8-3684-47df-89ec-9f23f85b8567,adenium.reisen,available,3.99,20.99,medium,low,7,namesilo,,,17/09/2026 07:28
a2d92dda-6985-43aa-905e-71f3e2de0fa6,columbo.reisen,available,,,medium,low,7,,,,18/09/2026 19:32
9682b4ee-6618-44f9-80d6-48aae08767d7,equivocal.reisen,available,3.99,20.99,high,low,9,namesilo,,,
29e27b31-436e-4bbc-b8e3-9a20488a4c6f,backbench.reisen,available,3.99,20.99,medium,low,9,namesilo,,,21/09/2026 15:00
096c48fb-1a12-42a8-9427-c303e742f37c,grove.reisen,available,3.99,20.99,high,low,5,namesilo,,,28/09/2026 09:58
bfa10407-0c1e-403b-a61c-c8e9e55e25b3,springlike.reisen,available,3.99,20.99,medium,low,10,namesilo,,,10/09/2026 16:53
7672f088-d2ce-4af5-878d-5b676107a1a6,lombard.reisen,available,16.76,16.76,high,low,7,spaceship,,,02/10/2026 05:34
dfbe9a65-26d1-4aa9-8ce1-d160b3b26c10,champion.reisen,available,3.99,20.99,high,low,8,namesilo,,,21/09/2026 17:32
1a9203f8-84f3-4394-b567-65f954e81a22,vietnamese.reisen,premium,23.6,23.6,high,low,10,namesilo,,,13/09/2026 05:32
ceed2e6b-d412-49fd-a759-4731d1b6f903,poorest.reisen,available,16.76,16.76,low,low,7,spaceship,,,02/10/2026 13:44
2d5e258f-0b06-43d3-bc66-ad583a12c4b2,roughly.reisen,available,3.99,20.99,high,low,7,namesilo,,,21/09/2026 14:14
57b89079-1af5-4842-af63-ece01317a8bd,circuits.reisen,available,3.99,20.99,medium,low,8,namesilo,,,29/09/2026 00:07
5c08f055-a2c6-44f4-92d7-51f1c43be639,spurting.reisen,available,3.99,20.99,medium,low,8,namesilo,,,22/08/2026 13:13
0a2d14ae-bb93-4d95-a3be-9307229ef58c,turtles.reisen,available,21.98,28.98,medium,low,7,namecheap,,,28/09/2026 23:52
777845d1-5f34-46c0-beba-0792bbdff812,bronte.reisen,available,3.99,20.99,high,low,6,namesilo,,,19/09/2026 10:16
9af6f72a-3c56-435d-9cd7-2d650bda93dc,relate.reisen,available,3.99,20.99,high,low,6,namesilo,,,07/08/2026 07:03
4376b7ff-8ff7-4bf9-8e15-0c41e3c407af,unstated.reisen,available,3.99,20.99,medium,low,8,namesilo,,,12/09/2026 09:45
42552074-dc47-4019-af34-144b5451f5ac,animalism.reisen,available,3.99,20.99,medium,low,9,namesilo,,,19/09/2026 08:55
981bc559-e69a-43c7-be5c-3b35df521b4e,paulsen.reisen,available,16.2,16.2,medium,low,7,cloudflare,,,02/10/2026 03:19
8e94261a-b0d8-4052-bd32-a6e921a8c494,abettal.reisen,available,3.99,20.99,medium,low,7,namesilo,,,16/09/2026 15:18
a6fc44d6-aff9-4ceb-8c50-39e89789dfad,teetotal.reisen,available,3.99,20.99,medium,low,8,namesilo,,,11/09/2026 10:14
093186e2-ecf6-4ea2-a731-1e6514939bec,seven.reisen,available,3.99,20.99,high,medium,5,namesilo,,,
d829d0eb-b64b-42fc-b60f-e3d9fad05fa7,alphabets.reisen,available,35.99,35.99,medium,low,9,godaddy,,,01/10/2026 00:06
d2b47b4e-4f0e-4400-8ded-5125ce9ccee8,commute.reisen,available,16.99,16.99,high,low,7,porkbun,,,30/09/2026 09:14
98cd31d3-0b57-4c11-b4a9-562941294a6b,zoom.reisen,available,3.99,20.99,high,medium,4,namesilo,,,28/09/2026 15:12
56a7b4e3-a3aa-4c66-9649-e50b89797899,autosexing.reisen,available,24.99,26.99,medium,low,10,name.com,,,21/09/2026 07:42
5d0c44fc-cd0c-4dc9-b9ad-f76d4d8ad67f,grinder.reisen,available,3.99,20.99,medium,low,7,namesilo,,,25/08/2026 03:40
1be4adec-4d6e-4609-8db6-9c6df3fb2011,erie.reisen,premium,,,high,medium,4,,,,01/10/2026 01:52
9a540d3d-56b6-4a5a-9f72-4d710b6dd344,backgammon.reisen,available,3.99,20.99,high,low,10,namesilo,,,21/09/2026 15:34
c9906433-a3ca-49c6-978a-a2c1d2047025,coma.reisen,premium,23.6,23.6,high,low,4,namesilo,,,25/09/2026 04:19
dba13620-9c0f-46cb-8430-eff49457317a,anhydride.reisen,available,21.98,28.98,medium,low,9,namecheap,,,19/09/2026 08:24
8ecfe130-a559-4aae-9e82-f61e3d013df1,monique.reisen,available,16.2,16.2,high,low,7,cloudflare,,,30/09/2026 05:03
0e316844-5a83-43cb-bdb7-a6401a353ea2,streamed.reisen,available,3.99,20.99,high,low,8,namesilo,,,02/10/2026 23:37
87b9fc02-29a7-434e-a5b1-2b73acf963c5,litre.reisen,available,3.99,20.99,medium,low,5,namesilo,,,22/08/2026 17:09
ab81a131-857a-4fc4-8b28-2f82c07b1746,zuckerman.reisen,available,16.2,16.2,medium,low,9,cloudflare,,,02/10/2026 00:34
b85fca9f-9800-4bfb-941b-5bce77d4334d,illogical.reisen,available,3.99,20.99,medium,low,9,namesilo,,,14/08/2026 11:22
e37cbb13-f823-430e-a1dc-1caf59ed4c96,denominator.reisen,available,17.34,17.34,high,low,11,dynadot,,,02/10/2026 07:00
87b374a0-2a74-4c5b-8281-a4be0a00a2ba,filipino.reisen,premium,23.6,23.6,high,low,8,namesilo,,,18/08/2026 04:19
aa004c17-d71d-4db4-b850-23c1da85f9ac,engulf.reisen,available,21.98,28.98,medium,low,6,namecheap,,,10/09/2026 19:51
f8d1e29b-94e3-49f2-8bf1-4bd271263b37,instances.reisen,available,16.76,16.76,medium,low,9,spaceship,,,30/09/2026 23:59
22dccbd8-d038-4dfb-8aec-a6c2c5cb51e9,earned.reisen,available,3.99,20.99,high,low,6,namesilo,,,24/09/2026 12:59
58137b07-6032-4aa6-ad18-36d5aa855ae6,octopus.reisen,available,16.76,16.76,high,medium,7,spaceship,,,30/09/2026 02:24
2d894a48-95be-4716-83a1-ccd72a9fbd3d,soups.reisen,available,3.99,20.99,medium,low,5,namesilo,,,19/09/2026 22:44
efd642ee-8e8e-400b-8016-fa28622919f7,langton.reisen,available,16.2,16.2,medium,low,7,cloudflare,,,01/10/2026 11:01
6a42b850-f09b-4956-9497-aa505a0c6bb7,welding.reisen,available,16.76,16.76,high,low,7,spaceship,,,30/09/2026 11:19
5231966f-4138-4e94-8aa2-4de114fb8586,brick.reisen,available,17.34,17.34,high,low,5,dynadot,,,27/09/2026 11:59
2906c49f-e604-48d7-8b77-975160a25cf2,lxxxv.reisen,available,21.98,28.98,medium,low,5,namecheap,,,
fb70fa44-4699-484e-a778-458629ca6ffe,exercises.reisen,available,3.99,20.99,medium,low,9,namesilo,,,28/09/2026 17:18
b6594585-16d6-4cdb-b24c-a20221a40c38,theodoric.reisen,available,16.76,16.76,medium,low,9,spaceship,,,03/10/2026 04:48
ad52dead-36d7-4a94-aaaa-98f12fecf1a1,herbst.reisen,available,16.99,16.99,medium,low,6,porkbun,,,02/10/2026 21:38
946ec5a9-8e58-449b-854d-f330911f9d8f,elbe.reisen,premium,22,22,medium,low,4,dynadot,,,28/09/2026 19:03
dd522aec-de1c-4338-aaca-bc0bb63dcabf,stonewalls.reisen,available,3.99,20.99,low,low,10,namesilo,,,20/09/2026 14:03
00963cb2-d3b5-4ef1-9a5e-b8a884bf6481,scientific.reisen,available,16.76,16.76,high,low,10,spaceship,,,02/10/2026 18:15
4dcc96aa-8ce7-481a-8a46-2c31b871af7d,bio.reisen,premium,23.6,23.6,high,medium,3,namesilo,,,30/09/2026 21:51
0b780e54-190c-4223-bccd-eff2648b29c3,unloaded.reisen,available,3.99,20.99,medium,low,8,namesilo,,,12/09/2026 15:03
806588d2-2193-444d-ab03-3e5f1d7f4c83,nights.reisen,available,21.98,28.98,high,low,6,namecheap,,,17/09/2026 22:10
9cc3e7f4-2393-4d79-a244-06853154aa54,monegasque.reisen,premium,23.6,23.6,high,low,10,namesilo,,,25/08/2026 04:03
2e75b4b1-f2cf-4121-a6a2-62f72458a9b6,rimless.reisen,available,3.99,20.99,medium,low,7,namesilo,,,09/09/2026 17:43
2c9f78df-d868-4d87-9cf0-f1f1c96b9de2,forgotten.reisen,available,3.99,20.99,high,low,9,namesilo,,,14/08/2026 12:18
e4f2f9c5-b3ad-4b36-af3c-8da7ae982ee5,runup.reisen,available,21.98,28.98,medium,low,6,namecheap,,,02/10/2026 11:26
9014ae72-2a52-4130-a3af-de8e252d335e,fidgety.reisen,available,3.99,20.99,medium,low,7,namesilo,,,05/08/2026 20:32
adb1e450-d266-46c4-9ddf-289e271a45ae,banter.reisen,available,3.99,20.99,high,low,6,namesilo,,,02/10/2026 11:25
d22aa351-4c76-40a8-b3be-376ef15ca969,apoplectic.reisen,available,3.99,20.99,medium,low,10,namesilo,,,06/08/2026 03:29
27aae777-0846-45b4-a696-b0b2a9360ebc,poetic.reisen,available,3.99,20.99,high,low,6,namesilo,,,08/09/2026 22:33
c19fba73-a575-49ce-a58c-a09c587f2bdf,respite.reisen,available,3.99,20.99,high,low,7,namesilo,,,16/09/2026 14:06
03f81ea5-8203-4cb3-a0bb-384300162376,manipulation.reisen,available,16.76,16.76,high,low,12,spaceship,,,29/09/2026 10:20
be3b8496-dabc-4ae3-882f-066d766c04cb,reflect.reisen,available,16.99,16.99,high,low,7,porkbun,,,28/09/2026 10:29
45dc1489-7450-4a82-9172-e6384fc6faf5,asker.reisen,available,3.99,20.99,medium,low,5,namesilo,,,20/09/2026 14:27
794541a9-2664-4fa2-8494-c8186948087e,con.reisen,premium,23.6,23.6,high,low,3,namesilo,,,28/09/2026 14:15
e518e0a3-790b-4fda-8fb6-fcd175c59a0e,fourth.reisen,available,3.99,20.99,high,low,6,namesilo,,,
3728ae13-5df4-430b-a64c-bf4a5fd53f66,indi.reisen,available,16.76,16.76,medium,low,4,spaceship,,,02/10/2026 02:15
6c02c501-ad72-4ced-8a6a-9c4554095193,townsville.reisen,premium,20.9,20.9,high,low,10,spaceship,,,30/09/2026 22:10
12995c67-f338-4ff6-96d1-cdfce9169fdc,division.reisen,available,16.2,16.2,high,low,8,cloudflare,,,28/09/2026 19:33
0487fc05-d6a4-420d-a2ec-0e0316f98d83,feisty.reisen,available,3.99,20.99,high,low,6,namesilo,,,18/08/2026 00:45
547f6675-1628-4e5d-8fc4-a43b8ee2a29d,synthase.reisen,available,16.76,16.76,medium,low,8,spaceship,,,28/09/2026 16:05
a9c32271-e0db-4374-bac1-dc9c3ba5afcf,semantic.reisen,available,3.99,20.99,high,low,8,namesilo,,,10/09/2026 02:16
78683573-45dd-429b-885b-bebd7f9a731c,acrimony.reisen,available,3.99,20.99,medium,low,8,namesilo,,,17/09/2026 03:09
0dc922ef-4cc8-40fe-ac50-ef1037644dfd,outline.reisen,available,21.98,28.98,high,low,7,namecheap,,,24/09/2026 23:45
09f38cab-9131-4016-a9a4-d8626a6f5e9e,sign.reisen,available,3.99,20.99,high,low,4,namesilo,,,27/09/2026 22:02
d5acdd82-72c7-4a07-aaf9-92c80e23ca95,boundary.reisen,available,3.99,20.99,high,low,8,namesilo,,,23/09/2026 01:32
8da95a4e-18cf-4ce6-b871-d32ddd3dd365,culprit.reisen,available,3.99,20.99,medium,low,7,namesilo,,,01/10/2026 01:38
0b3a3674-1c10-4691-9854-26a2ce5f23f8,abseil.reisen,available,21.98,28.98,high,low,6,namecheap,,,16/09/2026 17:39
bd59f55c-350e-4dec-859b-db62fa1d1b34,kingsley.reisen,available,3.99,20.99,medium,low,8,namesilo,,,27/09/2026 20:56
4cfdeb7c-b6a6-4d72-bcc7-ab827b2008d9,norwood.reisen,available,3.99,20.99,high,low,7,namesilo,,,25/09/2026 16:11
25ad8e23-676d-48fd-898e-4520aa8f12fd,deliverance.reisen,available,16.76,16.76,high,low,11,spaceship,,,02/10/2026 21:42
aaf746c4-c7eb-48c4-8964-0a28d8659aff,fugly.reisen,available,21.98,28.98,medium,low,5,namecheap,,,18/08/2026 17:49
27e6a220-262b-4c4e-909b-eed8db0401e7,residuum.reisen,available,3.99,20.99,medium,low,8,namesilo,,,09/09/2026 15:07
278aed4b-1517-4f6e-b0fd-0609da68626b,moran.reisen,available,3.99,20.99,high,low,5,namesilo,,,25/09/2026 14:09
8173881e-2896-4444-b2f3-35d57eb67878,commentary.reisen,available,16.76,16.76,medium,low,10,spaceship,,,29/09/2026 06:24
8517ac7a-b947-49de-bc84-7cdb6f5002a6,akee.reisen,available,3.99,20.99,medium,low,4,namesilo,,,17/09/2026 01:56
db9e4440-fd2e-4b55-834f-df2db203e8f3,church.reisen,available,21.98,28.98,high,medium,6,namecheap,,,29/09/2026 09:07
938b8a38-0fba-4e84-aa48-7e4c6685e34e,berra.reisen,available,3.99,20.99,medium,low,5,namesilo,,,23/09/2026 10:04
eba3fec3-e7b0-41fc-b598-0c2a9b52129b,avaricious.reisen,available,3.99,20.99,medium,low,10,namesilo,,,07/08/2026 21:48
1406ad39-3bf6-478e-89a7-a84d64cc9099,riffle.reisen,available,3.99,20.99,medium,low,6,namesilo,,,12/09/2026 08:36
5d33952a-9fe7-4500-8534-ea6478d00ab8,simpson.reisen,available,16.76,16.76,high,low,7,spaceship,,,29/09/2026 17:02
39b5da10-c7d0-476b-843e-26486e184d16,cramp.reisen,available,16.76,16.76,medium,low,5,spaceship,,,30/09/2026 16:50
e13ccdcb-14cb-46ac-a199-5717c8edc293,stock.reisen,available,3.99,20.99,high,medium,5,namesilo,,,27/09/2026 03:18
74f2e9bd-f2df-484a-9b0a-f0d76f4376ad,barber.reisen,available,16.76,16.76,high,low,6,spaceship,,,29/09/2026 01:08
d2b0aaf6-d2ff-43e1-882a-4f81e45f6d89,mesial.reisen,available,21.98,28.98,medium,low,6,namecheap,,,24/08/2026 21:08
db1eb9e1-3c7f-4092-a84b-99d48ee3faff,brunei.reisen,available,17.34,17.34,high,low,6,dynadot,,,28/09/2026 05:20
6315413f-8348-4c8a-9cd6-3398c1280baa,godless.reisen,available,3.99,20.99,medium,low,7,namesilo,,,20/08/2026 16:02
2c0a6554-b429-43bd-88b9-a7d653850587,ultimate.reisen,available,3.99,20.99,high,low,8,namesilo,,,11/09/2026 22:50
ac613cde-8672-4f5e-97e2-586595a0819f,nicolson.reisen,available,16.76,16.76,medium,low,8,spaceship,,,01/10/2026 02:25
772f4cbb-a18a-48f5-8843-6c7148d9b41d,wronged.reisen,available,3.99,20.99,low,low,7,namesilo,,,02/10/2026 22:02
0fd996e5-d72c-4bda-8aab-c636006ff22b,primaries.reisen,available,21.98,28.98,medium,low,9,namecheap,,,02/10/2026 12:50
bf86d955-e3c3-4d41-a9e2-2be2111e4633,strafford.reisen,available,16.76,16.76,medium,low,9,spaceship,,,02/10/2026 20:46
71cb8b30-6a4f-4fd5-9d48-5f8e91ffaff8,dictated.reisen,available,3.99,20.99,medium,low,8,namesilo,,,14/08/2026 06:36
786a42f2-43e0-48f5-97f7-e8a08bd56173,maddie.reisen,available,3.99,20.99,high,low,6,namesilo,,,01/10/2026 11:42
66398165-3f58-4aeb-a548-3b5f1e7e992d,amnesia.reisen,available,21.98,28.98,high,low,7,namecheap,,,18/09/2026 22:18
eacb61ce-72b2-40fc-8e2e-022edbcf5625,dug.reisen,premium,,,high,low,3,,,,28/09/2026 05:32
32aa0c5e-5832-45c4-b79e-4c3132959843,conflicting.reisen,available,16.76,16.76,medium,low,11,spaceship,,,30/09/2026 03:55
5e2ddbd7-9a41-40ce-8577-3f50156fae54,invites.reisen,available,21.98,28.98,medium,low,7,namecheap,,,29/09/2026 11:26
a3201abc-64a0-4dbb-ae18-45a8eb247ed4,handed.reisen,available,3.99,20.99,high,low,6,namesilo,,,20/08/2026 23:25
b862fa69-923b-458b-8fa4-94f2f672bc25,jaundice.reisen,available,3.99,20.99,medium,low,8,namesilo,,,17/09/2026 03:10
096cf70e-cf0a-4bfa-8b96-4d5f030c9d71,backwoods.reisen,available,3.99,20.99,high,low,9,namesilo,,,21/09/2026 14:31
e598447c-1e7e-4665-95d9-dfd067b66831,midday.reisen,available,3.99,20.99,high,low,6,namesilo,,,29/09/2026 22:44
6129eeab-a5fc-4363-821b-6f98944fca4b,disorderly.reisen,available,3.99,20.99,medium,low,10,namesilo,,,14/08/2026 11:51
d584ab90-41b7-405a-b0fc-7497f220a2b5,pasang.reisen,available,21.98,28.98,medium,low,6,namecheap,,,23/09/2026 12:24
bb701498-602d-49a4-8ae1-308b2554d03b,bows.reisen,available,3.99,20.99,medium,low,4,namesilo,,,30/09/2026 06:27
333bc11a-806c-4927-92d8-763161d5e323,purchaser.reisen,available,3.99,20.99,high,low,9,namesilo,,,24/09/2026 11:22
368d1470-3178-4d08-8191-073b2ac3ecee,seeds.reisen,available,24.99,,high,low,5,name.com,,,
f7f71105-5c5e-452b-bcbd-47a03331b415,ard.reisen,premium,23.6,23.6,medium,low,3,namesilo,,,28/09/2026 11:18
58714b7d-cebf-4b9c-a468-dfcdf3ea31a4,hating.reisen,available,3.99,20.99,low,low,6,namesilo,,,02/10/2026 02:47
b64d7a45-2e57-4721-a43b-7fd2107b9e95,sheath.reisen,available,17.34,17.34,high,low,6,dynadot,,,02/10/2026 04:24
f4835620-8f36-467d-a53b-451802d45430,phony.reisen,available,3.99,20.99,medium,low,5,namesilo,,,08/08/2026 23:09
52d87855-e26f-4d27-a4d4-9c7b6565952d,coastline.reisen,available,3.99,20.99,high,low,9,namesilo,,,30/09/2026 09:12
b137d906-1432-4dd4-b595-6b1a3297ace8,revoked.reisen,available,3.99,20.99,medium,low,7,namesilo,,,30/09/2026 00:45
75a45a7a-8f42-48a1-8d58-996ba41a0f20,producers.reisen,available,3.99,20.99,medium,low,9,namesilo,,,28/09/2026 23:09
409988f6-b42d-4458-9251-c18d51ec252d,upa.reisen,available,17.34,17.34,medium,low,3,dynadot,,,01/10/2026 06:47
280d1d4d-5e33-46df-8cf8-ddf1df8ec5bc,langmuir.reisen,available,16.2,16.2,medium,low,8,cloudflare,,,03/10/2026 01:20
a56f8b1e-6383-4cd2-b7e4-6fa7ad692c50,tongue.reisen,available,16.76,16.76,high,low,6,spaceship,,,29/09/2026 20:52
63fec3e3-64ce-415e-bac1-5735236a5e47,multiply.reisen,available,3.99,20.99,high,low,8,namesilo,,,15/09/2026 15:37
3dfdb368-4e43-485a-bc19-e268c5382c3f,lolita.reisen,available,21.98,28.98,high,low,6,namecheap,,,02/10/2026 05:39
a77ce8c7-971f-411a-8e0f-fafb39dcea0a,driveway.reisen,available,3.99,20.99,medium,low,8,namesilo,,,28/09/2026 13:54
dba8448e-ea2e-47cf-84a6-15117394e3b7,florence.reisen,premium,85.8,85.8,high,low,8,namecheap,,,28/09/2026 05:43
1dfa92e9-1584-4975-bcea-0ebf83272940,mailman.reisen,available,16.76,16.76,high,low,7,spaceship,,,02/10/2026 15:56
ca23dcba-f084-4615-987f-9cda608f9b69,parrish.reisen,available,17.34,17.34,medium,low,7,dynadot,,,28/09/2026 14:51
a7c74f0f-bf93-49d1-81c4-b5811cfe8cd6,rente.reisen,available,21.98,28.98,medium,low,5,namecheap,,,19/09/2026 10:58
4f9fd4af-8ae0-407e-a296-87028d30ed41,muhammed.reisen,available,16.76,16.76,medium,low,8,spaceship,,,02/10/2026 09:49
9d9de74e-d735-46ae-bbad-c263dd490dd3,waterflow.reisen,available,3.99,20.99,high,low,9,namesilo,,,02/10/2026 06:09
3783d4b3-d902-4ce7-86dc-d9eb99aceb88,bicycles.reisen,available,3.99,20.99,medium,low,8,namesilo,,,18/09/2026 23:48
c667b144-dff5-4eb3-9453-cfc213eb133a,toxins.reisen,available,16.76,16.76,low,low,6,spaceship,,,30/09/2026 22:52
7fa300e0-6316-4ae1-9edb-869b3ee24010,uneducated.reisen,available,3.99,20.99,medium,low,10,namesilo,,,12/09/2026 08:53
d9c536f6-3cbe-46b9-87fd-ec3a65c9f665,stanley.reisen,available,3.99,20.99,high,low,7,namesilo,,,25/09/2026 06:08
0fdc779a-6344-4a3e-9a2c-29af9bfbc5f5,suffolk.reisen,premium,23.6,23.6,high,low,7,namesilo,,,02/10/2026 08:26
3a2902f1-c553-438c-b801-1ff3e9bacc12,compostela.reisen,available,3.99,20.99,high,low,10,namesilo,,,02/10/2026 20:47
aaf317f1-82e4-42ba-9793-bac7ede0a7e5,senegalese.reisen,premium,23.6,23.6,high,low,10,namesilo,,,10/09/2026 03:43
7a3527fb-9594-4170-a932-93eaf17a7859,coolness.reisen,available,3.99,20.99,high,low,8,namesilo,,,24/09/2026 14:38
1d337635-c1a3-4b90-ae91-c88f9d3fba44,cochrane.reisen,available,3.99,20.99,medium,low,8,namesilo,,,27/09/2026 01:53
f99760a9-9288-4bcb-b0ef-95450f9ce5bd,hag.reisen,premium,23.6,23.6,high,low,3,namesilo,,,23/09/2026 04:44
f9ec8218-b24a-41c7-bda7-31e6999d93ba,shark.reisen,available,3.99,20.99,high,low,5,namesilo,,,25/09/2026 10:40
06f7d679-81d6-4989-af9f-67351967ee52,mascot.reisen,available,35.99,35.99,high,low,6,godaddy,,,30/09/2026 02:14
c687d7bf-1b4f-40f7-adad-53ec580d8ae5,hpv.reisen,available,16.99,16.99,high,low,3,porkbun,,,30/09/2026 23:05
0976ac47-3d4e-42ab-aa3d-c619292dd6b8,cleaver.reisen,available,16.76,16.76,medium,low,7,spaceship,,,29/09/2026 09:55
1b7b66ee-72b2-4d6f-9846-046df4fb62a0,substitution.reisen,available,3.99,20.99,high,low,12,namesilo,,,02/10/2026 16:54
55705458-f58d-41d5-b550-94904f66cfd0,eec.reisen,available,16.76,16.76,high,low,3,spaceship,,,29/09/2026 00:28
943b35a2-9992-4320-a501-d6f5487d7315,considerable.reisen,available,3.99,20.99,high,low,12,namesilo,,,28/09/2026 07:04
71ffece1-b3e9-46d9-9c2c-437262d98f1d,bladed.reisen,available,3.99,20.99,medium,low,6,namesilo,,,10/08/2026 12:14
8b72cb29-0279-4253-a8b2-3afe4f3b7cf7,screening.reisen,available,17.34,17.34,high,low,9,dynadot,,,30/09/2026 03:58
4dedbe01-4b1c-4189-9dbc-019bf5d48717,siege.reisen,available,3.99,20.99,high,low,5,namesilo,,,23/09/2026 04:50
5d83d26c-8c73-4e58-8e9d-d76ca9201306,talkative.reisen,available,21.98,28.98,high,low,9,namecheap,,,09/08/2026 21:05
4b41029d-5f80-49d2-a274-629508df058a,emmy.reisen,available,16.2,16.2,high,low,4,cloudflare,,,29/09/2026 06:46
46c0cf77-66cd-4b46-b228-a20143fb51aa,functions.reisen,available,3.99,20.99,medium,low,9,namesilo,,,17/09/2026 05:18
29c6a2f9-93ed-4816-98f9-6eee3842b82f,announcement.reisen,available,3.99,20.99,high,low,12,namesilo,,,26/09/2026 00:47
e1aec714-bdb9-4e3a-9270-b90ae3041a81,benghazi.reisen,available,3.99,20.99,medium,low,8,namesilo,,,23/09/2026 08:04
51c4c69b-f7c8-4230-b44b-c60ff4331135,sancho.reisen,available,16.99,16.99,high,low,6,porkbun,,,02/10/2026 19:35
d62508bc-58c0-4e44-86ea-c67cadb48ab4,diffuse.reisen,available,3.99,20.99,high,low,7,namesilo,,,14/08/2026 07:02
4557acbc-ccd9-4d09-903d-121b8e94188b,roof.reisen,available,16.2,16.2,high,low,4,cloudflare,,,30/09/2026 10:21
f9d6b17f-bf53-4267-8511-6c0d94f4e663,chemicals.reisen,available,3.99,20.99,medium,low,9,namesilo,,,28/09/2026 08:24
c3b99427-3e08-4c2c-9a01-323b382b619c,theories.reisen,available,3.99,20.99,medium,low,8,namesilo,,,01/10/2026 03:41
5043c088-b1a6-4288-8614-ec36b097157b,upbound.reisen,available,3.99,20.99,high,low,7,namesilo,,,12/09/2026 23:02
da56cd1d-9f74-4381-9805-ec65798cbb93,moriarty.reisen,available,16.76,16.76,medium,low,8,spaceship,,,30/09/2026 13:37
71079c7e-ed95-4415-b1f0-7a88514a324b,casts.reisen,available,35.99,35.99,medium,low,5,godaddy,,,01/10/2026 00:30
33df50a8-0483-49d9-9545-c1df01efbe90,continually.reisen,available,3.99,20.99,medium,low,11,namesilo,,,01/10/2026 13:36
c063f359-4184-4d4c-82bc-2722e6398953,reminding.reisen,available,16.76,16.76,high,low,9,spaceship,,,29/09/2026 21:27
25cc2f41-a1aa-4976-a2c0-d07c8bbae41c,jurassic.reisen,available,3.99,20.99,high,low,8,namesilo,,,22/08/2026 14:38
d9a3ad02-def2-47ad-a838-78c87d273f1d,pod.reisen,premium,23.6,23.6,high,medium,3,namesilo,,,12/08/2026 15:05
19165bb8-19cc-4da8-8003-d27e9ee3c2be,hui.reisen,premium,26,26,high,low,3,namecheap,,,27/09/2026 07:46
5548d2ec-c9a6-4096-986c-38548a1ac5db,turkish.reisen,premium,25,25,medium,low,7,name.com,,,11/09/2026 21:18
aa6868c7-9e2a-4c01-959b-d17dc7b45a1e,braided.reisen,available,3.99,20.99,high,low,7,namesilo,,,11/08/2026 01:28
1a32221b-1e39-4915-9fef-648743699b0f,aired.reisen,available,3.99,20.99,high,low,5,namesilo,,,
3c2401b4-a5db-435d-8583-bce3f31fc94a,studious.reisen,available,21.98,28.98,high,low,8,namecheap,,,10/08/2026 19:10
16070f1e-e6f6-466e-a59b-d025abb94afa,backrest.reisen,available,3.99,20.99,medium,low,8,namesilo,,,21/09/2026 15:47
c7cd6f96-18dc-4f3d-8853-7f7f9a55d57c,cdrom.reisen,available,16.2,16.2,medium,low,6,cloudflare,,,30/09/2026 16:37
ca445656-b9c4-4625-b974-dae17a1d31e4,nuisance.reisen,available,16.2,16.2,medium,low,8,cloudflare,,,29/09/2026 19:51
e44f3a9c-47dd-4061-86fb-1ea58e907b13,arapahoe.reisen,available,3.99,20.99,medium,low,8,namesilo,,,20/09/2026 00:11
60955ec2-3965-4e74-b211-6ef8199c62ab,leather.reisen,available,16.76,16.76,high,low,7,spaceship,,,30/09/2026 02:35
b46bcb03-cd68-4c73-9348-8049b7b90a5a,aphakia.reisen,available,3.99,20.99,medium,low,7,namesilo,,,19/09/2026 16:51
13db0cba-e088-43bb-b66b-9602a74cbf80,edifying.reisen,available,21.98,28.98,high,low,8,namecheap,,,15/08/2026 10:17
0e2a0849-aabd-4507-92dd-31de15b29eb5,addon.reisen,available,3.99,20.99,high,low,6,namesilo,,,17/09/2026 06:37
89b6015b-acfc-40ba-93f6-96f6d3078592,bootless.reisen,available,3.99,20.99,medium,low,8,namesilo,,,10/08/2026 19:37
6290d930-7cdc-4b6f-ab6a-f12747575397,replaces.reisen,available,3.99,20.99,medium,low,8,namesilo,,,20/09/2026 05:35
f7e1d3d5-4631-49f0-9fcd-ddca26f91161,cfo.reisen,premium,23.6,23.6,high,low,3,namesilo,,,24/09/2026 13:41
c6958440-6719-4be9-9c9d-cf7797b000e7,hickey.reisen,available,3.99,20.99,medium,low,6,namesilo,,,02/10/2026 05:14
67011aa3-71f7-4942-9cb5-cb078a0f21fe,administered.reisen,available,16.76,16.76,medium,low,12,spaceship,,,29/09/2026 16:19
d7af9b20-d83f-4989-91e5-fc1664e18cb5,blushing.reisen,available,16.76,16.76,high,low,8,spaceship,,,02/10/2026 07:03
3d0a4d8b-6c5b-4a53-89ac-250f118485bf,proxy.reisen,premium,23.6,23.6,high,medium,5,namesilo,,,30/09/2026 02:30
b2a636cc-a15f-4af4-9f73-b878d564e9d8,booming.reisen,available,21.98,28.98,high,low,7,namecheap,,,10/08/2026 19:14
7ef71806-c9d5-452c-9b2c-bfe7f5631370,saxophone.reisen,available,16.99,16.99,high,low,9,porkbun,,,29/09/2026 20:17
e425709e-c4e0-4fdb-8dbe-cb2e73d878f9,fitzpatrick.reisen,available,3.99,20.99,medium,low,11,namesilo,,,27/09/2026 07:56
35a5b1e5-d805-44a8-872b-cde7245b4d63,deprecated.reisen,available,17.34,17.34,medium,low,10,dynadot,,,01/10/2026 22:46
9bb898df-cf09-4f45-9ff3-b0f72a59fe69,indigen.reisen,available,3.99,20.99,medium,low,7,namesilo,,,03/09/2026 13:47
f7d507e5-d8c4-4f6e-bc05-f2aa9210e19d,accessories.reisen,available,16.99,16.99,medium,low,11,porkbun,,,01/10/2026 18:53
143938f5-555e-4ec7-bfed-52aef68619a1,apical.reisen,available,3.99,20.99,medium,low,6,namesilo,,,05/08/2026 23:58
3fd1b4a4-041a-4151-8323-22af080acb59,neighborly.reisen,available,3.99,20.99,high,low,10,namesilo,,,03/09/2026 15:16
aa0bd332-be17-4725-a293-ea6f38413318,healed.reisen,available,3.99,20.99,high,low,6,namesilo,,,13/08/2026 11:04
cba94e46-e4e0-4f50-949e-cd25c9c1600c,phs.reisen,premium,,,medium,low,3,,,,30/09/2026 02:29
b2ad85cf-3aa4-4610-ad65-e28951ad0168,ltte.reisen,available,16.76,16.76,medium,low,4,spaceship,,,01/10/2026 20:19
90075e91-2472-4105-b060-efbcce1c60d8,campsite.reisen,available,21.98,28.98,high,low,8,namecheap,,,24/09/2026 11:55
0751c6a8-4cf9-407a-871b-65f23bb35d9e,soft.reisen,available,16.76,16.76,high,low,4,spaceship,,,01/10/2026 04:04
3bc37aca-1dcc-4c40-af14-5e4e67e33aee,unpatented.reisen,available,3.99,20.99,medium,low,10,namesilo,,,12/09/2026 16:29
f211f7ad-1ef8-4553-a714-1dd8fe1e457c,canonic.reisen,available,3.99,20.99,medium,low,7,namesilo,,,11/08/2026 17:22
f2bdde9f-6c0f-460e-947b-ffa70da82dfc,silesian.reisen,available,16.99,16.99,medium,low,8,porkbun,,,29/09/2026 03:15
565a2719-47ea-409b-a00d-adceb7c78478,zoftig.reisen,available,3.99,20.99,medium,low,6,namesilo,,,13/09/2026 14:58
2b5466c9-502c-4a78-a83c-44c856053c82,goodenough.reisen,available,3.99,20.99,high,low,11,namesilo,,,
f8d84369-5c9d-40b5-bb7e-cb863649e56b,unscalable.reisen,available,3.99,20.99,medium,low,10,namesilo,,,12/09/2026 05:23
c4c69b2b-b1dd-49c6-b5fd-d3c57968ee86,klein.reisen,available,3.99,20.99,high,low,5,namesilo,,,25/09/2026 03:56
072c1e74-6e1a-4950-8c46-e896ecb69fba,bentham.reisen,available,3.99,20.99,medium,low,7,namesilo,,,23/09/2026 08:40
e3d60898-1f29-462d-b179-a94beeb186b3,romanist.reisen,available,3.99,20.99,medium,low,8,namesilo,,,05/09/2026 01:28
a667cdc0-0905-4c11-8d2a-0a60e9e65a13,taiping.reisen,available,16.76,16.76,high,low,7,spaceship,,,01/10/2026 23:31
42b50f2e-30c6-4ddd-96fb-d9a876afe47a,grandma.reisen,available,16.76,16.76,high,low,7,spaceship,,,29/09/2026 21:15
712d69f6-7396-455f-ba1e-426383dd5559,bollock.reisen,available,21.98,28.98,medium,low,7,namecheap,,,21/09/2026 23:08
f6c51a97-3142-4f62-8f65-fbe98ef6f399,territorial.reisen,available,21.98,28.98,medium,low,11,namecheap,,,28/09/2026 21:11
d7113efe-078e-4608-843e-e2687ae2136b,items.reisen,available,16.76,16.76,medium,low,5,spaceship,,,30/09/2026 21:02
b1178311-75a8-432b-9358-e178463a76a0,individuals.reisen,available,16.76,16.76,low,low,11,spaceship,,,28/09/2026 12:49
9b6b3b40-2e9c-47d2-be9f-ba2f5c7300b2,concerts.reisen,available,3.99,20.99,high,low,8,namesilo,,,20/09/2026 13:34
aca75b74-ef6e-4cc9-bb1b-76eeca801365,warty.reisen,available,3.99,20.99,medium,low,5,namesilo,,,13/09/2026 04:24
02ea94ab-f8d9-4b01-bf0d-84e9cf02d6d1,mailed.reisen,available,3.99,20.99,medium,low,6,namesilo,,,24/08/2026 13:18
b58e3d4a-7550-43dd-a08c-2e5dfcad52fc,fatigued.reisen,available,3.99,20.99,medium,low,8,namesilo,,,14/08/2026 14:49
7b594e46-61b0-4ac1-ad47-0b12c8a06958,drawback.reisen,available,3.99,20.99,medium,low,8,namesilo,,,24/09/2026 23:54
a6669511-1490-4f1d-b8e3-9290389ed3cb,unsatisfied.reisen,available,16.76,16.76,medium,low,11,spaceship,,,02/10/2026 18:08
bf5e00b1-a372-4626-8f45-322a810266d9,intimately.reisen,available,3.99,20.99,medium,low,10,namesilo,,,15/09/2026 09:03
851b041b-a16d-4598-873d-8d49dbfe19d3,scandent.reisen,available,3.99,20.99,medium,low,8,namesilo,,,09/09/2026 22:32
e874529a-cc92-461f-b207-046ce0af69a5,andhra.reisen,available,3.99,20.99,medium,low,6,namesilo,,,29/09/2026 04:23
f00f0e6a-421a-4dc1-af84-b72038e34e70,squashy.reisen,available,3.99,20.99,medium,low,7,namesilo,,,10/08/2026 17:16
7c9e9ba2-28ee-4706-99e4-06a11a7d6f71,inexplicable.reisen,available,21.98,28.98,medium,low,12,namecheap,,,03/10/2026 03:09
ba66b145-819b-4f5c-bc7b-f95c8f23685b,colorful.reisen,available,21.98,28.98,high,low,8,namecheap,,,12/08/2026 17:48
35c7b2c9-c55e-4aee-b403-117a5d6c4c6d,pithily.reisen,available,21.98,28.98,medium,low,7,namecheap,,,15/09/2026 20:06
c27d5d83-f7e4-43dd-8241-7119c566dece,brassiere.reisen,available,3.99,20.99,high,low,9,namesilo,,,22/09/2026 01:02
a5c036e7-00a9-472d-9282-5a51b91867f5,puzzled.reisen,available,3.99,20.99,high,low,7,namesilo,,,07/08/2026 10:53
5d5ca452-c057-41b9-b037-da7ae2934743,virginity.reisen,available,16.2,16.2,high,low,9,cloudflare,,,29/09/2026 20:35
0bda2b54-c99c-4de1-bddf-dca78bef4a7c,ctv.reisen,available,21.98,28.98,high,low,3,namecheap,,,01/10/2026 22:19
8bfc9b9c-5abb-4923-bd45-a760478c605b,bonney.reisen,available,3.99,20.99,medium,low,6,namesilo,,,23/09/2026 16:28
35c2bba4-fc09-4926-84db-5ffafb1e6618,jib.reisen,premium,23.6,23.6,high,low,3,namesilo,,,21/09/2026 22:10
6adb5d16-9938-4de9-84e2-4f2bec9bb408,pharaonic.reisen,available,21.98,28.98,medium,low,9,namecheap,,,08/09/2026 18:44
87791c5d-2005-4556-92d7-2b7a21e04efd,affront.reisen,available,3.99,20.99,medium,low,7,namesilo,,,17/09/2026 14:54
fbd2b28c-433b-456c-98dd-dc27099c3278,legality.reisen,available,17.34,17.34,high,low,8,dynadot,,,01/10/2026 20:17
86a20c29-6e5f-4921-a9c2-c5ca28450596,drily.reisen,available,3.99,20.99,medium,low,5,namesilo,,,14/09/2026 14:23
ff3be677-0306-48da-a71c-5deebe06ebf5,kilogramme.reisen,available,16.76,16.76,medium,low,10,spaceship,,,30/09/2026 23:59
9f244986-27a8-4451-87b6-37d7f23144fd,consultive.reisen,available,3.99,20.99,medium,low,10,namesilo,,,
664dd185-2f86-4e2c-b1c6-41279b65a750,mick.reisen,available,21.98,28.98,high,low,4,namecheap,,,28/09/2026 02:25
19cc90c9-1e42-4a0c-a556-dc6ca14e4d2e,telecom.reisen,available,21.98,28.98,high,low,7,namecheap,,,30/09/2026 13:03
58ff7308-5700-4bac-9036-3a722862925f,incentive.reisen,available,3.99,20.99,high,low,9,namesilo,,,29/09/2026 23:44
348a0863-beb7-4aee-a253-b4335912b38a,hamburger.reisen,available,3.99,20.99,high,low,9,namesilo,,,29/09/2026 01:50
49f8fdc8-b034-4a85-a200-2ff4e35b4125,warmer.reisen,available,16.2,16.2,high,low,6,cloudflare,,,28/09/2026 05:58
6a4eb3f0-0bd1-4a93-9341-c561368b0645,astor.reisen,available,3.99,20.99,medium,low,5,namesilo,,,20/09/2026 17:29
7b01fb64-233f-41bb-a4d9-efe1f71afc13,laban.reisen,available,21.98,28.98,high,low,5,namecheap,,,01/10/2026 20:14
24413cca-3476-4cd2-8d41-488759e63eb5,mules.reisen,available,16.99,16.99,high,low,5,porkbun,,,29/09/2026 21:20
d689c5c3-ccc2-4962-ac53-948e5b624828,autumn.reisen,available,16.2,16.2,high,low,6,cloudflare,,,28/09/2026 23:31
a99e934d-a218-4d48-9a88-e9b0175c19e8,platelike.reisen,available,21.98,28.98,high,low,9,namecheap,,,08/09/2026 20:17
ce2a25e9-3dd5-4d8b-8834-b717d6aeacf6,jocular.reisen,available,3.99,20.99,high,low,7,namesilo,,,22/08/2026 12:57
cf11074b-7623-4909-8bd0-60050ecaeda8,roar.reisen,available,21.98,28.98,high,low,4,namecheap,,,27/09/2026 15:38
6bcbd97e-2e26-49cd-87d3-d33c4f2fc31c,stream.reisen,available,3.99,20.99,high,medium,6,namesilo,,,27/09/2026 05:33
76fbcdc6-abaa-40b4-afe6-bde5dddcf3d3,ibrahim.reisen,available,21.98,28.98,high,low,7,namecheap,,,16/09/2026 16:51
31bddb74-90be-4d51-9c80-bccee8fd02e0,skunk.reisen,available,3.99,20.99,high,low,5,namesilo,,,11/08/2026 09:13
558e94ec-d8aa-46fb-a841-8a8e06d63e24,auriga.reisen,available,3.99,20.99,medium,low,6,namesilo,,,21/09/2026 04:24
9202cc2d-9544-4618-8a93-1db10c1f7805,downright.reisen,available,21.98,28.98,high,low,9,namecheap,,,14/08/2026 17:50
505a2243-161d-4eb9-b74e-99662df6f88f,obtainable.reisen,available,3.99,20.99,high,low,10,namesilo,,,18/08/2026 23:06
555c463f-a7ab-4a35-ad7f-a3a0a4f10d80,hashtag.reisen,available,3.99,20.99,high,low,7,namesilo,,,02/10/2026 03:26
64015d46-e065-4dc1-a249-83c176f895c6,melodrama.reisen,available,3.99,20.99,high,low,9,namesilo,,,02/10/2026 05:45
2294e397-a02f-4fc9-ba62-37fff37feed2,patrick.reisen,available,3.99,20.99,high,low,7,namesilo,,,25/09/2026 09:49
fa83690b-2163-4aae-a2b7-faa8ccc0aa3c,utilization.reisen,available,3.99,20.99,high,low,11,namesilo,,,02/10/2026 21:46
2ac05b33-d71a-4d09-ae3a-4b33c0589a2e,erp.reisen,available,21.98,28.98,high,medium,3,namecheap,,,28/09/2026 21:45
e791dafa-d2c8-4189-92d1-82fc65df2976,pollinators.reisen,available,3.99,20.99,medium,low,11,namesilo,,,02/10/2026 23:10
33adca04-89fd-47ee-99da-d98cffdc0e84,bartlett.reisen,available,3.99,20.99,high,low,8,namesilo,,,22/09/2026 09:19
53e234dd-eec5-4cd4-9103-86d82ceeb0ea,blacksnake.reisen,available,3.99,20.99,medium,low,10,namesilo,,,24/09/2026 01:28
7d860daf-c8be-4351-8ee5-62fc6552dacd,inspired.reisen,available,3.99,20.99,high,low,8,namesilo,,,25/09/2026 09:48
2628b3e3-832b-41f0-a74f-f4a576a81168,tuolumne.reisen,available,3.99,20.99,medium,low,8,namesilo,,,02/10/2026 08:13
d70e91b9-964f-4779-8f5a-1c5d33753faa,quaint.reisen,available,3.99,20.99,high,low,6,namesilo,,,04/09/2026 01:55
00207373-96ae-4720-9f6f-1c44d92f302e,captains.reisen,available,16.76,16.76,medium,low,8,spaceship,,,28/09/2026 23:33
c4eb1151-aac7-4f37-9298-7be0435e7a7e,comments.reisen,available,3.99,20.99,medium,low,8,namesilo,,,17/09/2026 01:39
9c380059-0350-47a0-abf1-b8321c0526cb,negotiate.reisen,available,16.76,16.76,high,low,9,spaceship,,,30/09/2026 20:35
6fe32bf4-b79c-48df-a1a4-521006e899bd,aglet.reisen,available,21.98,28.98,medium,low,5,namecheap,,,17/09/2026 18:21
9402101c-0726-4ec9-8138-09f3157649b0,marburg.reisen,available,3.99,20.99,medium,low,7,namesilo,,,29/09/2026 10:08
5fb06144-9abb-44a6-956d-9e5752b311a7,thee.reisen,available,3.99,20.99,high,low,4,namesilo,,,30/09/2026 21:59
5fe4f574-5c8b-4602-9c4f-c6e8a18518ef,expressly.reisen,available,3.99,20.99,medium,low,9,namesilo,,,14/09/2026 17:09
043d8146-2cdb-44ce-94b7-0ee74ceacd68,pyknic.reisen,available,3.99,20.99,medium,low,6,namesilo,,,17/08/2026 01:17
9e2b5750-d971-411a-90c2-903f38034948,importantly.reisen,available,16.76,16.76,medium,low,11,spaceship,,,01/10/2026 06:18
3a8b680b-3ba8-49b1-9cde-67d017bde913,naacp.reisen,available,3.99,20.99,medium,low,5,namesilo,,,25/09/2026 13:20
7497da28-caed-4b61-9437-e1f473cc8174,indispensable.reisen,available,3.99,20.99,high,low,13,namesilo,,,01/10/2026 05:32
ab465556-0a35-4843-9967-5fcd7646f12f,casinos.reisen,available,3.99,20.99,high,low,7,namesilo,,,29/09/2026 17:35
da03b5d4-ce6f-4e94-97e6-ca63f33b82a7,injustice.reisen,available,16.76,16.76,medium,low,9,spaceship,,,28/09/2026 14:31
370fbfd2-578e-4935-8b4a-3395ca2aab3e,subterranean.reisen,available,17.34,17.34,high,low,12,dynadot,,,02/10/2026 21:12
42f0a1d3-c486-41ec-8c25-aec7277607d1,animator.reisen,available,3.99,20.99,high,low,8,namesilo,,,19/09/2026 09:13
7ccf7c44-d1f8-4fb6-9238-8a727ff54de4,amphitheater.reisen,available,16.76,16.76,high,low,12,spaceship,,,01/10/2026 02:33
f9562fdf-9e1a-41b0-81a0-859000544f0f,odorless.reisen,available,3.99,20.99,medium,low,8,namesilo,,,22/08/2026 06:02
ec4650c0-5c6c-49fc-a338-667338aaa0fc,woolf.reisen,available,3.99,20.99,medium,low,5,namesilo,,,17/09/2026 07:19
9e972cda-9ffb-4580-ae27-b607c3311aa0,unfinished.reisen,available,3.99,20.99,high,low,10,namesilo,,,12/09/2026 10:17
4178595c-6cd1-43ce-a666-f645ed320a16,tyler.reisen,premium,23.6,23.6,high,medium,5,namesilo,,,25/09/2026 08:02
fff40cb3-3efc-49ce-a0e7-8ddfd7e8ec8e,tractile.reisen,available,3.99,20.99,medium,low,8,namesilo,,,11/09/2026 18:39
30eaf871-fb9c-4849-ad08-00835bc63aa3,jiang.reisen,available,3.99,20.99,high,low,5,namesilo,,,27/09/2026 08:14
742e96c0-6cf4-4824-bd5f-c8d6923edfb0,restrictions.reisen,available,3.99,20.99,medium,low,12,namesilo,,,29/09/2026 23:44
d0abe1ec-e790-4c29-a90a-128799f9ee6c,harold.reisen,available,16.76,16.76,high,low,6,spaceship,,,01/10/2026 08:34
fdd01e96-e2e9-49e8-861d-e1964790ae5e,gaps.reisen,available,3.99,20.99,medium,low,4,namesilo,,,20/09/2026 11:47
61fc6289-f6f8-4fcd-b937-adfe3e468558,ravenswood.reisen,available,16.76,16.76,medium,low,10,spaceship,,,02/10/2026 20:56
33082907-06d3-4a4a-bfd9-c889effd8eb2,berea.reisen,available,16.2,16.2,medium,low,5,cloudflare,,,01/10/2026 12:24
5a3c2e6b-29ab-44c9-b73d-fc5820553281,unfree.reisen,available,3.99,20.99,medium,low,6,namesilo,,,12/09/2026 10:43
2ccf65fd-dce4-48f6-8963-b241d45231f0,rectified.reisen,available,3.99,20.99,medium,low,9,namesilo,,,09/09/2026 11:55
346f0057-ac17-4332-a32e-a8c7417acdcf,drunk.reisen,available,21.98,28.98,high,low,5,namecheap,,,14/08/2026 20:17
d2831240-5495-4cd1-b2a6-d71d23a25cc7,syndetic.reisen,available,3.99,20.99,medium,low,8,namesilo,,,11/09/2026 06:23
1b317b8b-ce6f-421d-a22a-3e3e0171aaf3,semihard.reisen,available,3.99,20.99,medium,low,8,namesilo,,,10/09/2026 03:04
5fea0b4b-66c1-453e-b967-00df6a706f51,autonomous.reisen,available,3.99,20.99,high,medium,10,namesilo,,,22/09/2026 14:12
291548c5-378e-4dfa-abd1-dc6bb8152c20,carnage.reisen,available,17.34,17.34,medium,low,7,dynadot,,,02/10/2026 04:17
11d241e3-9dce-4924-b259-2a67550f4343,baptisia.reisen,available,21.98,28.98,high,low,8,namecheap,,,22/09/2026 03:24
e96af23f-ea63-454e-afdb-f460aadb1dc2,beam.reisen,available,16.76,16.76,high,medium,4,spaceship,,,29/09/2026 00:40
25228c37-5f83-4e9d-8529-18b30e885697,dimensional.reisen,available,16.76,16.76,high,low,11,spaceship,,,30/09/2026 03:41
741fb9f2-08a7-4560-aadb-bf4afa0976ee,effulgent.reisen,available,3.99,20.99,medium,low,9,namesilo,,,15/08/2026 16:23
5dc9c3c2-80d4-4968-83ef-a14ae24a0355,expeditions.reisen,available,16.99,16.99,high,low,11,porkbun,,,01/10/2026 17:33
c3e37928-3cf3-4a7c-8d26-94af4513f5cc,errol.reisen,available,3.99,20.99,medium,low,5,namesilo,,,30/09/2026 12:54
aa04068c-6765-4fac-865f-558239fbeac6,timely.reisen,available,3.99,20.99,high,low,6,namesilo,,,06/08/2026 10:08
332ff00c-dc2a-42d5-9c95-29390d7609f7,riyadh.reisen,premium,78.54,78.54,high,low,6,namesilo,,,29/09/2026 06:50
000b0deb-15a4-434f-b7fe-951edb6d39f0,bluegrass.reisen,available,17.34,17.34,high,low,9,dynadot,,,02/10/2026 04:05
6611b2cf-bce1-4a3b-b9d3-4fe98eb458e3,pick.reisen,available,3.99,20.99,high,low,4,namesilo,,,23/09/2026 14:24
79291740-fce2-45ff-80a1-2eec2eaa4677,chervil.reisen,available,3.99,20.99,medium,low,7,namesilo,,,19/09/2026 13:55
78f05b4b-78c9-46aa-a21d-0f087551fb83,statistical.reisen,available,3.99,20.99,high,low,11,namesilo,,,29/09/2026 14:29
bd3bd1b7-dc1b-49f3-97ce-5d098380b15f,avulsion.reisen,available,3.99,20.99,medium,low,8,namesilo,,,21/09/2026 09:54
319ea500-bef9-4a87-977d-98facd0d860e,vega.reisen,available,3.99,20.99,high,medium,4,namesilo,,,29/09/2026 07:30
02d98876-6e5e-4bab-98c6-27ce0aba1cda,somalian.reisen,available,3.99,20.99,medium,low,8,namesilo,,,10/09/2026 13:56
c65e1ed0-baaa-46bd-9dfa-81e058190d77,cosily.reisen,available,3.99,20.99,medium,low,6,namesilo,,,14/09/2026 08:50
e59b8ebe-2ac9-4b61-825f-8d66427683bc,emilia.reisen,available,17.34,17.34,medium,low,6,dynadot,,,28/09/2026 09:36
ae45200e-cb6e-4be8-acb9-314a0ee43b71,looney.reisen,available,3.99,20.99,medium,low,6,namesilo,,,13/08/2026 05:34
0dad8e46-8d62-4075-812b-fa81943e0aea,several.reisen,available,16.76,16.76,high,low,7,spaceship,,,02/10/2026 03:07
19e870dd-aca1-4723-b478-81bca7c44e03,karelia.reisen,available,16.76,16.76,medium,low,7,spaceship,,,03/10/2026 01:23
e60aba90-34a2-443e-b094-8dc42d302105,doors.reisen,available,21.98,28.98,high,low,5,namecheap,,,25/09/2026 19:46
853e95e6-e11d-4b36-a52f-84b59033962f,sheeny.reisen,available,3.99,20.99,high,low,6,namesilo,,,20/08/2026 14:32
13c7806e-9318-4893-91d5-9187ea93a269,scam.reisen,available,3.99,20.99,high,low,4,namesilo,,,14/09/2026 08:03
a48d4fb2-31d1-4aaf-85c0-1e84b9adf0cc,sisterhood.reisen,available,16.99,16.99,high,low,10,porkbun,,,03/10/2026 02:07
d05fa4f8-ca4d-4cbc-83fe-a40b596e07ae,bereft.reisen,available,3.99,20.99,low,low,6,namesilo,,,09/08/2026 15:05
c831e131-1107-4555-8e7a-014980cdb896,smokeless.reisen,available,3.99,20.99,high,low,9,namesilo,,,10/09/2026 11:57
f20e331a-7a47-45f9-8b11-ebd1c72d85b0,dionysius.reisen,available,16.99,16.99,medium,low,9,porkbun,,,29/09/2026 06:39
a0e206e4-9daf-4a9e-a577-7f9381aaf735,andy.reisen,available,3.99,20.99,high,medium,4,namesilo,,,25/09/2026 12:45
71d18a45-d001-41e8-ac4f-c20e40ce10a5,extremist.reisen,available,21.98,28.98,medium,low,9,namecheap,,,17/08/2026 19:32
e928bf32-4bf9-484e-bad2-c10d93a26be5,polio.reisen,available,3.99,20.99,medium,low,5,namesilo,,,17/09/2026 05:40
87004217-bd4c-4482-bd1c-6b7ea6413d39,giver.reisen,available,3.99,20.99,high,low,5,namesilo,,,23/09/2026 10:44
c78cc361-711b-40e3-bd42-6f003efe7c7d,colossus.reisen,available,21.98,28.98,high,low,8,namecheap,,,23/09/2026 03:27
b178d8e1-f844-4973-90ed-bde246141000,heine.reisen,premium,20.9,20.9,high,low,5,spaceship,,,29/09/2026 15:16
e0d651ea-d05c-49c7-beee-2242d996a54f,venetian.reisen,available,3.99,20.99,high,low,8,namesilo,,,13/09/2026 02:02
17c15879-a986-4cbe-94fa-6445fb7b8f64,cruddy.reisen,available,3.99,20.99,medium,low,6,namesilo,,,13/08/2026 08:44
752e7a5e-3bf4-4fcf-854c-4cbe5145c291,kazakh.reisen,premium,20.9,20.9,medium,low,6,spaceship,,,28/09/2026 14:39
273d6546-8dc4-4d40-9d5d-9742c1ba2c37,voodoo.reisen,available,21.98,28.98,high,low,6,namecheap,,,29/09/2026 00:55
b7485515-dc15-4103-af48-5f44ced6f5b1,stylized.reisen,available,3.99,20.99,high,low,8,namesilo,,,08/09/2026 05:30
16c25c65-fece-4f5f-92cb-711bdbd4df52,yearlong.reisen,available,3.99,20.99,medium,low,8,namesilo,,,13/09/2026 14:24
9283e584-1c36-43e8-b856-fabf5aae85c9,owensboro.reisen,available,16.76,16.76,medium,low,9,spaceship,,,03/10/2026 01:45
e5dd3fd2-2900-433f-881c-baa340fed16d,duty.reisen,available,16.99,16.99,high,low,4,porkbun,,,29/09/2026 17:13
dfbe4e83-dc78-4a09-a19b-ceea3aecff15,aftermath.reisen,available,21.98,28.98,high,low,9,namecheap,,,17/09/2026 15:43
fa119c21-b062-41e1-accf-c37c6e411689,fab.reisen,premium,82.5,82.5,high,low,3,name.com,,,17/08/2026 20:08
a6a1c018-cd27-47f9-830f-8844e8625423,defends.reisen,available,3.99,20.99,low,low,7,namesilo,,,02/10/2026 02:36
d2428518-bd7e-4e63-8a41-30d697352aa5,leash.reisen,available,3.99,20.99,high,low,5,namesilo,,,
43f57ccc-a3d7-4819-8991-09ca93be8dce,knuckle.reisen,available,16.76,16.76,high,low,7,spaceship,,,02/10/2026 05:33
ec83c88e-5bf0-481d-96c1-e28de9d914e9,crumpled.reisen,available,3.99,20.99,medium,low,8,namesilo,,,13/08/2026 09:06
2c95f20f-b738-4e31-8954-86b684bc118f,fruitful.reisen,available,3.99,20.99,high,low,8,namesilo,,,18/08/2026 17:02
e74c2f3d-7abc-4bc4-a593-d53f2d061831,wily.reisen,available,3.99,20.99,medium,low,4,namesilo,,,13/08/2026 04:38
2b0c79db-d0d8-40df-b660-c320be95fb68,etch.reisen,available,17.34,17.34,high,low,4,dynadot,,,30/09/2026 19:14
0f8a7fc6-1ffc-4478-aec9-e470afab4e0a,res.reisen,premium,26,26,high,low,3,namecheap,,,01/10/2026 21:31
472f0397-5d66-4b98-97be-2337cc19a153,herbie.reisen,available,16.76,16.76,medium,low,6,spaceship,,,30/09/2026 21:29
1253deb0-7382-4521-982d-287031ba1c21,astutely.reisen,available,3.99,20.99,medium,low,8,namesilo,,,13/09/2026 22:20
c6de142c-6b92-45e9-ad10-94aacb9ca038,chive.reisen,available,21.98,28.98,high,low,5,namecheap,,,18/09/2026 11:28
eb461d05-81dc-4ced-b7fb-034e7a473673,barque.reisen,available,3.99,20.99,high,low,6,namesilo,,,22/09/2026 07:48
05aec63c-375c-4151-a975-f6d7e8ecdc09,spellbound.reisen,available,3.99,20.99,high,low,10,namesilo,,,17/08/2026 22:54
3921c37a-317a-492a-8853-a250916a83aa,motionless.reisen,available,3.99,20.99,medium,low,10,namesilo,,,25/08/2026 07:28
fcf7d0ac-1bc4-419d-8879-e74924816507,illuminated.reisen,available,16.2,16.2,high,low,11,cloudflare,,,01/10/2026 18:40
f02359a1-5686-493e-bc50-22b303ef2bcb,strapping.reisen,available,3.99,20.99,medium,low,9,namesilo,,,09/08/2026 08:02
31d5b7e1-7931-4ef6-9f02-eb4d251ff772,bivalve.reisen,available,3.99,20.99,high,low,7,namesilo,,,10/08/2026 09:09
fb7483e0-50fb-456d-b764-2ffc61bd13c6,keith.reisen,available,3.99,20.99,high,low,5,namesilo,,,17/09/2026 22:02
12aa9b04-572d-48e5-86c3-7a440ef20216,bros.reisen,available,3.99,20.99,medium,low,4,namesilo,,,18/09/2026 13:28
e96cddf5-b8f8-4502-83f7-226f8c12c1c7,distributor.reisen,available,3.99,20.99,high,low,11,namesilo,,,29/09/2026 08:54
2aea5676-e268-4154-9057-3d35d89c55ff,ninefold.reisen,available,3.99,20.99,medium,low,8,namesilo,,,03/09/2026 17:31
0a916e02-b705-4466-8f00-027434b153c1,unleaded.reisen,available,21.98,28.98,high,low,8,namecheap,,,22/08/2026 21:46
1886d35c-f047-479f-a28c-65f331818c9c,cecile.reisen,available,3.99,20.99,medium,low,6,namesilo,,,03/10/2026 04:56
33aa04d0-e13c-4901-9e13-8e2d0c8d2145,padded.reisen,available,3.99,20.99,high,low,6,namesilo,,,13/08/2026 11:57
7d6510e0-8d3e-4f4c-919c-4ab26bd0c5c9,rents.reisen,available,16.76,16.76,high,low,5,spaceship,,,30/09/2026 15:40
125a6e69-f897-4c77-93d8-0781134bd1d6,stocky.reisen,available,3.99,20.99,medium,low,6,namesilo,,,21/08/2026 05:33
88eac830-8286-4782-8277-4a2b72677ad3,crows.reisen,available,3.99,20.99,high,low,5,namesilo,,,20/09/2026 17:41
41651de3-c653-4fdf-8d41-69ecb2a89279,sanity.reisen,available,16.76,16.76,high,low,6,spaceship,,,29/09/2026 13:55
88c7e9b2-2820-414d-9dbf-ce8500bf57ef,stoner.reisen,available,3.99,20.99,high,low,6,namesilo,,,02/10/2026 05:35
9461dd58-2fbb-4982-ba62-8b68016b5a9a,flatulent.reisen,available,3.99,20.99,medium,low,9,namesilo,,,12/08/2026 16:34
d9fcdb4f-a5f7-48b0-8ffa-f815c39adcc3,enkindled.reisen,available,3.99,20.99,medium,low,9,namesilo,,,17/08/2026 09:31
7be9b458-3449-4157-a718-f77b08422826,mendenhall.reisen,available,16.2,16.2,medium,low,10,cloudflare,,,02/10/2026 00:45
07a129da-c6c9-415c-a07f-584e95c1eee7,kidnapper.reisen,available,3.99,20.99,medium,low,9,namesilo,,,16/09/2026 14:52
42bad7ee-c57b-4f47-93e0-78b9cbb6a502,sextet.reisen,available,3.99,20.99,medium,low,6,namesilo,,,
26b4c73a-311e-4248-baaf-281710ae7cdf,sapient.reisen,available,21.98,28.98,high,low,7,namecheap,,,08/09/2026 18:03
0bf122fb-4b2b-4ae2-8a33-c99961ef6098,rebirth.reisen,available,35.99,35.99,high,low,7,godaddy,,,30/09/2026 02:16
4e74486d-1f31-4bb1-90a1-91d260f57d18,coxa.reisen,available,3.99,20.99,high,low,4,namesilo,,,20/09/2026 11:23
cbfda8f6-62fb-4649-8f24-f73b27ae37f4,bun.reisen,available,3.99,20.99,high,low,3,namesilo,,,24/09/2026 11:10
ffc3a2b9-e65a-4c7e-8c36-2be82b693d59,james.reisen,available,16.76,16.76,high,medium,5,spaceship,,,29/09/2026 18:17
0febcd40-8578-4616-bfe3-d9154d87c896,sneezewort.reisen,available,21.98,28.98,medium,low,10,namecheap,,,17/09/2026 00:38
76870298-27f4-4124-9fc5-60701a2c61c2,specialize.reisen,available,16.76,16.76,high,low,10,spaceship,,,29/09/2026 14:15
3c75d7e0-628f-444c-9ba2-3ec479c9b497,yuan.reisen,available,16.76,16.76,high,low,4,spaceship,,,29/09/2026 07:27
d95f5297-0d20-4ab5-b162-a3592db1ce6d,anomic.reisen,available,3.99,20.99,medium,low,6,namesilo,,,
600b8719-f5c8-4fce-b402-0e36ea4cb330,fulgent.reisen,available,3.99,20.99,medium,low,7,namesilo,,,10/08/2026 13:45
0fc9aa7d-5324-4b9c-a05b-5c5f81ad5743,blackhead.reisen,available,3.99,20.99,medium,low,9,namesilo,,,24/09/2026 02:47
4709721c-783d-42ae-9f19-689995bd4fcf,rostock.reisen,available,16.2,16.2,high,low,7,cloudflare,,,30/09/2026 18:34
cf50a8c4-5707-42e5-a77f-938cf6203804,unborn.reisen,available,3.99,20.99,high,low,6,namesilo,,,12/09/2026 02:23
3b347549-48bc-436f-95b2-43a6981307e9,carve.reisen,available,24.99,26.99,high,low,5,name.com,,,13/08/2026 12:51
60582fcc-ac1f-4ade-a419-a21cbc730e17,juarez.reisen,available,16.2,16.2,medium,low,6,cloudflare,,,29/09/2026 18:22
8f053f8d-bf54-4f9a-8e47-6ba207277d19,caregiving.reisen,available,3.99,20.99,high,low,10,namesilo,,,01/10/2026 13:54
ba457db2-9de0-461e-855a-b3cf4536eeb2,volcanic.reisen,available,3.99,20.99,high,low,8,namesilo,,,13/09/2026 06:48
c648c938-d304-4fe4-b658-1c71b586694c,homework.reisen,available,16.76,16.76,high,low,8,spaceship,,,28/09/2026 06:00
a212dbe9-183b-48cf-a49d-962901f3c938,recognition.reisen,available,16.2,16.2,high,low,11,cloudflare,,,02/10/2026 21:11
0604a9ca-5f0d-4f05-b5fc-e9547a76023c,eugenic.reisen,available,3.99,20.99,medium,low,7,namesilo,,,17/08/2026 14:11
7290da6f-a68a-4cd9-99d3-14cb8ebca235,acold.reisen,available,3.99,20.99,medium,low,5,namesilo,,,
2cd26af0-8bf2-49f4-8e9a-5252dd242fcb,angelim.reisen,available,3.99,20.99,medium,low,7,namesilo,,,19/09/2026 03:59
3451a40f-28bc-4157-a0df-d8e1fa5184d4,muffled.reisen,available,3.99,20.99,medium,low,7,namesilo,,,03/09/2026 10:26
76a6535a-05eb-44be-8346-d9e4ef6161b1,fulminant.reisen,available,21.98,28.98,medium,low,9,namecheap,,,18/08/2026 18:18
8453ec28-5c4f-4ee6-8e92-614f97624a69,asd.reisen,available,16.2,16.2,high,low,3,cloudflare,,,29/09/2026 22:02
4547e19f-c357-4884-9ddc-2a50eba31d5f,game.reisen,available,17.34,17.34,high,medium,4,dynadot,,,02/10/2026 06:58
a4dfcd88-0ba1-4d1d-b5d7-70f8d448cf3d,fence.reisen,available,16.2,16.2,high,low,5,cloudflare,,,29/09/2026 19:13
c7818c4b-787d-4545-97e2-1cefc34dabed,nutcase.reisen,available,3.99,20.99,medium,low,7,namesilo,,,13/08/2026 05:36
81991b9e-f65c-48f8-b365-d25c68b9155c,nadh.reisen,available,3.99,20.99,high,low,4,namesilo,,,01/10/2026 18:36
0cf89afa-6fa2-4760-ac9b-5ec72c0e8149,gott.reisen,available,3.99,20.99,medium,low,4,namesilo,,,30/09/2026 04:43
68f1edad-7d70-4e7f-ab39-63312c0ec8e7,recessive.reisen,available,3.99,20.99,medium,low,9,namesilo,,,09/09/2026 11:25
45f9902e-63fd-43aa-8b1f-a02d046af9cf,antrum.reisen,available,3.99,20.99,medium,low,6,namesilo,,,19/09/2026 15:46
c1a79150-c347-4b32-9ea6-267480027579,subscript.reisen,available,3.99,20.99,high,low,9,namesilo,,,11/09/2026 00:43
1a7dbec3-1e66-490c-be0e-3b975b95041a,phan.reisen,available,16.76,16.76,high,low,4,spaceship,,,01/10/2026 23:21
9719e9b4-2822-40e3-9912-2a7ae05430bd,deranged.reisen,available,3.99,20.99,medium,low,8,namesilo,,,13/08/2026 05:32
3f533db5-4e6b-49f6-b092-80605da2f475,sartre.reisen,available,16.99,16.99,high,low,6,porkbun,,,29/09/2026 07:22
c359b2cd-32c9-47e4-8448-269a633b76ad,colorless.reisen,available,21.98,28.98,medium,low,9,namecheap,,,12/08/2026 17:53
55395533-9ab3-49f4-90d6-c4740e020f82,thakur.reisen,available,16.99,16.99,high,low,6,porkbun,,,02/10/2026 19:13
64e4fbbd-7874-45f7-9ca9-7638565c6acf,sasquatch.reisen,available,3.99,20.99,high,low,9,namesilo,,,23/09/2026 15:07
88d39d05-ae97-449b-bdfd-b7cdd5691a6c,stephanie.reisen,available,3.99,20.99,high,low,9,namesilo,,,25/09/2026 14:12
2c41e70b-6f01-43a3-8cb4-310be29e5f9a,singular.reisen,available,3.99,20.99,high,low,8,namesilo,,,13/08/2026 11:18
35115b6b-1cfb-4d96-8145-d04e398ce984,mcdonald.reisen,available,16.2,16.2,high,low,8,cloudflare,,,02/10/2026 13:39
c80a2f0b-16d1-4869-af99-5d3233ae144c,throb.reisen,available,3.99,20.99,medium,low,5,namesilo,,,11/09/2026 14:49
8a5da7a3-daf1-4ed8-a23e-36d28aea934a,grating.reisen,available,21.98,28.98,medium,low,7,namecheap,,,20/08/2026 18:26
f2f369de-f1c7-401c-ab52-5a32a6243649,mrna.reisen,available,3.99,20.99,high,low,4,namesilo,,,25/09/2026 23:11
158e6b0b-4458-4305-ac53-eeec369ae286,diocese.reisen,available,3.99,20.99,high,low,7,namesilo,,,23/09/2026 21:58
039621a3-b890-4552-acb5-bfa37cf121cf,westbrook.reisen,available,16.76,16.76,medium,low,9,spaceship,,,29/09/2026 04:08
bd25e479-2871-4330-9597-484bd998762b,lawns.reisen,available,16.2,16.2,medium,low,5,cloudflare,,,02/10/2026 03:26
74f62a80-0df6-4196-bd6b-adcf226ba6de,kaya.reisen,available,16.76,16.76,high,low,4,spaceship,,,02/10/2026 18:01
bc90c3a5-6ebd-4042-99c3-e1ff8cff2e05,plus.reisen,premium,512,512,high,medium,4,namesilo,,,27/09/2026 04:17
52f52d6f-0eeb-4efd-ba60-7f18548f068a,belted.reisen,available,3.99,20.99,medium,low,6,namesilo,,,09/08/2026 14:02
2e7d8b1b-4a29-488c-b445-9e0481a3a9c5,bamberg.reisen,available,16.76,16.76,high,low,7,spaceship,,,30/09/2026 13:25
4ea17177-97f4-46d4-937c-b9d6b013e1cf,stared.reisen,available,3.99,20.99,medium,low,6,namesilo,,,18/09/2026 02:18
73dfedb6-545c-4f2c-baed-7bba753175e9,daisy.reisen,available,3.99,20.99,high,low,5,namesilo,,,25/09/2026 04:34
e572c55c-13af-44f8-8416-fcd4abcac9ac,parasitic.reisen,available,3.99,20.99,medium,low,9,namesilo,,,17/08/2026 10:15
659a7a1d-60b8-4c94-a8a6-9bd2afda24fa,grooved.reisen,available,3.99,20.99,medium,low,7,namesilo,,,20/08/2026 20:17
34248170-2e8e-4350-9d0b-c3eddf454d9d,sublingual.reisen,available,3.99,20.99,medium,low,10,namesilo,,,11/09/2026 00:14
d605a81c-b1c6-4e0c-b8f4-1f2e0ed1357f,bram.reisen,available,21.98,28.98,medium,low,4,namecheap,,,30/09/2026 21:24
7fa323e5-0457-4b3d-8474-fe4e7ec45ffd,greenhouse.reisen,available,21.98,28.98,high,low,10,namecheap,,,20/08/2026 19:51
67c1203f-db82-45ae-9089-516da270c8b6,alexei.reisen,available,3.99,20.99,high,low,6,namesilo,,,29/09/2026 10:07
c949139b-fb08-4697-9223-2fc8a6360c3d,serial.reisen,available,3.99,20.99,high,low,6,namesilo,,,21/08/2026 23:54
3c19fa0c-8107-401e-9223-7a023fb26cbc,waning.reisen,available,3.99,20.99,medium,low,6,namesilo,,,13/09/2026 08:04
aee941ed-eceb-4f4f-be71-523966cd9f68,stoolie.reisen,available,3.99,20.99,medium,low,7,namesilo,,,11/08/2026 16:46
305308d4-af2e-4e8a-82f5-49bbe7d117da,blattodea.reisen,available,21.98,28.98,medium,low,9,namecheap,,,24/09/2026 04:54
9b70e699-80bc-41db-8a6c-766064f2c64e,berth.reisen,available,3.99,20.99,high,low,5,namesilo,,,23/09/2026 10:13
2df1b095-b883-4e2a-80c2-df7801436f43,contrived.reisen,available,3.99,20.99,medium,low,9,namesilo,,,12/08/2026 23:42
b251e8a8-b3e1-4842-a46e-411b863c8ab8,ethnical.reisen,available,3.99,20.99,high,low,8,namesilo,,,17/08/2026 13:49
0f9ac3c6-99ad-41f2-9992-bd18a2ea0688,orwellian.reisen,available,21.98,28.98,medium,low,9,namecheap,,,04/09/2026 18:08
dc591c44-1bfe-4bed-9c3f-6d1614a6b8e8,semi.reisen,available,21.98,28.98,high,low,4,namecheap,,,20/09/2026 11:18
5e43d9ab-1831-421c-8a98-cc16136045f7,somewhere.reisen,available,3.99,20.99,high,low,9,namesilo,,,16/09/2026 04:14
c539c93e-4cc7-4e5c-8bb0-f91e15a5cc94,stray.reisen,available,3.99,20.99,high,low,5,namesilo,,,25/09/2026 11:32
34b239ba-cdee-47fb-81f8-1fd8ba1eb879,somesing.reisen,available,3.99,20.99,medium,low,8,namesilo,,,02/10/2026 06:02
35b6a071-e761-4818-bd29-2c03a2ad7419,buddha.reisen,available,16.76,16.76,high,low,6,spaceship,,,28/09/2026 05:20
fd028110-d238-4798-b02f-60f83b25bd0f,justin.reisen,available,21.98,28.98,high,medium,7,namecheap,,,25/09/2026 16:02
872cb780-ad69-478c-85ab-84ed6842aab6,ventures.reisen,available,16.2,16.2,high,low,8,cloudflare,,,01/10/2026 17:59
484f923c-b545-43ab-bbcf-2a6acf422efa,duchess.reisen,available,16.76,16.76,high,low,7,spaceship,,,29/09/2026 16:59
781cf462-cdc3-449c-92b6-c5e839df3f7d,merging.reisen,available,3.99,20.99,high,low,7,namesilo,,,24/08/2026 20:43
1784c4be-6f50-442d-be76-6398ebffc6fc,liberal.reisen,available,21.98,28.98,high,low,7,namecheap,,,09/08/2026 20:57
a73e6b31-2c93-4e27-9d03-acd225840d76,emergence.reisen,available,16.76,16.76,high,low,9,spaceship,,,03/10/2026 00:36
e9bb5868-9a83-4aec-8ff0-71e65ddae09d,wrapped.reisen,available,3.99,20.99,high,low,7,namesilo,,,
a01d7822-256a-470c-9cc2-b2f739625cf8,affliction.reisen,available,3.99,20.99,medium,low,10,namesilo,,,17/09/2026 14:39
384d3e4c-ec5e-4d8f-b888-a646a82c614d,munson.reisen,available,16.76,16.76,medium,low,6,spaceship,,,29/09/2026 15:48
01842eb8-9ddf-4bd2-bebe-69d4244c414f,extra.reisen,premium,128.7,128.7,high,low,5,namecheap,,,21/09/2026 17:12
cd119bf6-5d73-4e6b-9a61-3c2d2f9f5db7,placebo.reisen,available,16.76,16.76,high,low,7,spaceship,,,01/10/2026 21:17
a31fcb0f-f45d-44d1-9fc6-95f4bdb80306,mainstay.reisen,available,3.99,20.99,high,low,8,namesilo,,,21/09/2026 15:13
04203d50-ec52-4e7e-ada8-2121db0ebec1,youngster.reisen,available,3.99,20.99,high,low,9,namesilo,,,25/08/2026 00:01
cee389d7-b6ac-4aa5-ac8f-9cfb4fac5218,blasted.reisen,available,3.99,20.99,medium,low,7,namesilo,,,10/08/2026 12:35
2981ef96-750c-44da-8ae3-d45b82bf8b4f,progression.reisen,available,16.2,16.2,high,low,11,cloudflare,,,02/10/2026 17:07
de5ff86c-5730-4269-b457-045d425fd9cd,riled.reisen,available,,,medium,low,5,,,,
8262c14b-b796-4cf1-8103-b2cad0024ea6,carefully.reisen,available,16.76,16.76,medium,low,9,spaceship,,,28/09/2026 13:46
31a7e976-ee21-4e3a-810b-6ec45b033a7c,harder.reisen,available,21.98,28.98,medium,low,6,namecheap,,,26/09/2026 03:10
1cb4c26a-41ec-44df-b9ea-a96bfef2e24f,refused.reisen,available,21.98,28.98,medium,low,7,namecheap,,,18/09/2026 13:40
2ca1c557-33bf-44fe-873a-b819df9598fe,ponder.reisen,available,3.99,20.99,high,low,6,namesilo,,,01/10/2026 20:42
38a01693-1417-4449-8a34-fb6fb4e8b605,karim.reisen,available,17.34,17.34,medium,low,5,dynadot,,,29/09/2026 03:37
59195a07-c8df-4e37-9b2b-1addd77fbb67,cet.reisen,premium,23.6,23.6,medium,low,3,namesilo,,,30/09/2026 13:12
0bfd5408-ea1d-4f10-bf25-c90399644bf8,supervising.reisen,available,3.99,20.99,medium,low,11,namesilo,,,01/10/2026 00:08
d1e1d6b0-e880-4125-8884-4aef39cfad5a,bevan.reisen,available,17.34,17.34,medium,low,5,dynadot,,,29/09/2026 21:45
84e39130-ce44-41eb-b83d-0b75fb8623b2,bassine.reisen,available,3.99,20.99,medium,low,7,namesilo,,,22/09/2026 12:22
c05d927f-26b6-4f25-a796-6ceb542ea469,ignited.reisen,available,3.99,20.99,high,low,7,namesilo,,,17/08/2026 09:20
25987a30-73d1-4598-bd53-41e02a8fc199,stoned.reisen,available,21.98,28.98,medium,low,6,namecheap,,,10/09/2026 21:10
b95cfd4e-bcfd-4d14-99c2-71d414ff1e80,weekday.reisen,available,16.76,16.76,high,low,7,spaceship,,,02/10/2026 06:40
dd6a2b32-fae0-4c79-affe-2cbdb3db2ebb,supplier.reisen,available,16.76,16.76,high,low,8,spaceship,,,30/09/2026 08:15
d1cefeb4-7c29-496f-a55d-b89818409ef9,texarkana.reisen,available,16.2,16.2,medium,low,9,cloudflare,,,30/09/2026 18:56
ffd82202-c16b-431c-9089-d3763c6bc244,yeltsin.reisen,available,3.99,20.99,medium,low,7,namesilo,,,28/09/2026 22:09
4cc10a2b-7a92-4faf-ae2a-c43cb4709158,persona.reisen,available,17.34,17.34,high,medium,7,dynadot,,,29/09/2026 19:57
5918ef4e-c84f-4649-8612-808607edf673,scottish.reisen,premium,23.6,23.6,high,low,8,namesilo,,,09/09/2026 23:35
fae7227e-5fba-4178-a7ef-ff3e5da1eefc,defensive.reisen,available,3.99,20.99,high,low,9,namesilo,,,13/08/2026 23:15
aa67ccfb-01e3-4c85-857f-20eafb1ca554,slows.reisen,available,16.2,16.2,high,low,5,cloudflare,,,02/10/2026 02:13
19f0a5e2-2c68-45b4-9ae0-0e785c21a931,informative.reisen,available,16.76,16.76,high,low,11,spaceship,,,01/10/2026 21:44
6fd076f5-5d3c-454e-9389-96db43b6e315,rake.reisen,available,3.99,20.99,high,low,4,namesilo,,,27/09/2026 07:07
69317f31-40ca-4961-aaff-7065bc73a283,ivor.reisen,available,3.99,20.99,medium,low,4,namesilo,,,29/09/2026 22:08
3647619f-2f29-4982-8083-b68a55201449,oozy.reisen,available,3.99,20.99,medium,low,4,namesilo,,,04/09/2026 15:30
11fde17d-8ad9-43e8-9a04-84f893ed65bf,interact.reisen,available,16.76,16.76,high,low,8,spaceship,,,30/09/2026 20:24
b7fa5a79-c6af-4aca-8b5a-431ff2d1a40e,belonging.reisen,available,3.99,20.99,high,low,9,namesilo,,,23/09/2026 06:53
6a59c0b7-3212-4af7-990e-026dd9f870ac,bald.reisen,available,3.99,20.99,medium,low,4,namesilo,,,08/08/2026 09:16
d29b7653-3539-47a2-97f5-f2f0b8924cec,alphonso.reisen,available,3.99,20.99,high,low,8,namesilo,,,03/10/2026 03:16
e5146dd0-6e53-4841-aa71-f84c89a80feb,borders.reisen,available,16.2,16.2,medium,low,7,cloudflare,,,28/09/2026 23:27
13ae36c9-1970-478e-8590-3ea8be2d78a0,incoming.reisen,available,3.99,20.99,high,low,8,namesilo,,,22/08/2026 01:44
ab122989-a4e5-45b8-94d0-7e54e184cd83,hominid.reisen,available,3.99,20.99,medium,low,7,namesilo,,,21/08/2026 12:39
db123415-cc89-4ca8-8fed-0bd182966710,investor.reisen,available,16.76,16.76,high,medium,8,spaceship,,,01/10/2026 14:20
f94be2c2-4a66-411b-b9ea-7790dfe4564f,folds.reisen,available,3.99,20.99,medium,low,5,namesilo,,,30/09/2026 14:49
13854274-08f2-468c-a361-cc910a8999dc,variable.reisen,available,16.76,16.76,high,low,8,spaceship,,,28/09/2026 10:08
d5a2bd3a-0d30-4e7b-8c9a-77084fdc8ed9,tres.reisen,available,3.99,20.99,high,low,4,namesilo,,,01/10/2026 22:18
ed392c75-e27b-4719-bbf8-8ff6a73a56b6,cathedral.reisen,available,3.99,20.99,high,low,9,namesilo,,,11/08/2026 21:50
b7a1eb8c-7aa3-435d-bcdb-5532e6d49a12,pavilion.reisen,available,16.76,16.76,high,low,8,spaceship,,,30/09/2026 18:00
72bf8dd0-e985-42b3-917a-4614514e76bc,reports.reisen,available,21.98,28.98,high,low,7,namecheap,,,18/09/2026 16:26
996125fc-e21b-4eec-a06c-11a552fa6f59,capacity.reisen,available,21.98,28.98,high,low,8,namecheap,,,24/09/2026 12:12
7b9d55fd-c9d5-4248-b924-aa8557e301a4,jilin.reisen,premium,26,26,high,low,5,namecheap,,,02/10/2026 19:29
1e88b579-77b1-4506-b9b9-ebbe3d012da9,belem.reisen,premium,26,26,medium,low,5,namecheap,,,23/09/2026 04:51
edadc813-8fe6-4b4c-a4a4-a75be1a1a8ca,ranking.reisen,available,3.99,20.99,high,low,7,namesilo,,,27/09/2026 09:40
0837bf5e-3e97-4e6f-b48b-11621f5e358f,ives.reisen,available,3.99,20.99,high,low,4,namesilo,,,25/09/2026 22:11
5322cfa7-7eed-4322-a563-be3b2dfc0d4a,animus.reisen,available,3.99,20.99,medium,low,6,namesilo,,,19/09/2026 09:22
f28e0d78-1744-492b-b884-cf168f3cef7b,marquez.reisen,available,16.2,16.2,high,low,7,cloudflare,,,30/09/2026 21:51
03acfee9-98a1-4d83-ae54-abcb2ad9061f,coating.reisen,available,16.76,16.76,high,low,7,spaceship,,,30/09/2026 01:04
2bbd18cf-f965-4886-ab1c-9439367e82c6,patientcare.reisen,available,3.99,20.99,high,low,11,namesilo,,,
96c4e9d8-bc54-40e0-96f3-5220b3e5e001,continent.reisen,available,3.99,20.99,high,low,9,namesilo,,,11/08/2026 23:26